Workbook

Sheet readme
R6: Variables/traits | S6: Description | T6: Unit | U6: comments
R7: AvgHeight | T7: cm
R8: AvgNode | T8: cm
R9: Biomass | S9: total of plants in 1 or 2m less 5 plants | T9: Kg | U9: 2m just in H4
R10: Biomass5pl | S10: (green leaf+yellow leaf+stem+reproductive) of 5 plants that was used for partioning | T10: Kg
R11: biomasstotal | S11: total biomass in 1/2m | T11: Kg
R12: DAS | S12: Days after sowing | T12: -
R13: Date | T13: m/d/y
R14: DOY | S14: Days of the Year | T14: day
R15: GreenBiomass | S15: Green leaf biomass | T15: kg.ha
R16: GreenPartition5 | S16: green leaf weight of 5 plants | T16: Kg
R17: HI | S17: Harvest Index
R18: linear | S18: how much was collected per plot | T18: m
R19: Plot
R20: Population | T20: plants/ha
R21: POROgsw | T21: mol+1m-2s-1
R22: Port | S22: connection port | T22: m³/m³ Water Content
R23: Rep | S23: Replication | T23: -
R24: RepBiomass | S24: Reproductive biomass | T24: kg.ha
R25: Reprod Partition5 | S25: reproductive weight of 5 plants | T25: Kg
R26: Row space | T26: m
R27: seedBiomass | S27: total seeds of 5 plants | T27: kg.ha
R28: SeedTotalBiomass | S28: total seeds of the total biomass | T28: kg.ha
R29: Stem Partition5 | S29: stem weight of 5 plants | T29: Kg
R30: StemBiomass | S30: Stem biomass | T30: kg.ha
R31: TotalBiomass | T31: Kg.ha
R32: TotalSampleArea | S32: harvested area | T32: m2
R33: YellowBiomass | S33: Yellow leaf biomass | T33: kg.ha
B34: I replaced the last harvest called 4 to final, to refer to the last one when yield was determined. | R34: YellowPartition5 | S34: yellow leaf weight of 5 plants | T34: Kg
R35: Yield | S35: Final yield | T35: kg.ha bu.ac
R40: weather data from planting date until september 30 for both years.
R42: Plots removed from sarec 2025 outliers from the field: 501-502-503-701-702-703-704-705

Sheet genotypes
E2: Genotype24
E3: P42A84E | F3: 4-Early
E4: P48A14E | F4: 4-Early
E5: P52A14SE | F5: 5-Early
E6: R19C-1012 | F6: 4-Early
E7: R18-14502 | F7: 4-Late
E8: R18C-13665 | F8: 4-Late
E9: R19-46252 | F9: 5-Early
E10: R19-45980 | F10: 5-Early
E11: PI471938
E12: PI548431
E13: PI603457A
E14: PI507408

Sheet 2024-H2
C6: Rainfed | I6: Irrigated
C8: Plot number
A10: Range 12 | B10: REP1 | C10: 12 | D10: REP2 | E10: 24 | F10: REP3 | G10: 36 | H10: REP1 | I10: 48 | J10: REP2 | K10: 60 | L10: REP3 | M10: 72
A11: Range 11 | C11: 11 | E11: 23 | G11: 35 | I11: 47 | K11: 59 | M11: 71
A12: Range 10 | C12: 10 | E12: 22 | G12: 34 | I12: 46 | K12: 58 | M12: 70
A13: Range 9 | C13: 9 | E13: 21 | G13: 33 | I13: 45 | K13: 57 | M13: 69
A14: Range 8 | C14: 8 | E14: 20 | G14: 32 | I14: 44 | K14: 56 | M14: 68
A15: Range 7 | C15: 7 | E15: 19 | G15: 31 | I15: 43 | K15: 55 | M15: 67
A16: Range 6 | C16: 6 | E16: 18 | G16: 30 | I16: 42 | K16: 54 | M16: 66
A17: Range 5 | C17: 5 | E17: 17 | G17: 29 | I17: 41 | K17: 53 | M17: 65
A18: Range 4 | C18: 4 | E18: 16 | G18: 28 | I18: 40 | K18: 52 | M18: 64
A19: Range 3 | C19: 3 | E19: 15 | G19: 27 | I19: 39 | K19: 51 | M19: 63
A20: Range 2 | C20: 2 | E20: 14 | G20: 26 | I20: 38 | K20: 50 | M20: 62
A21: Range 1 | C21: 1 | E21: 13 | G21: 25 | I21: 37 | K21: 49 | M21: 61
C23: Col 1 | E23: Col 2 | G23: Col 3 | I23: Col 4 | K23: Col 5 | M23: Col 6
A34: Rainfed
A36: Range 12 | C36: REP1 | D36: 12 | E36: PI567488B | F36: REP2 | G36: 24 | H36: P52A14SE | I36: REP3 | J36: 36 | K36: R19-46252
A37: Range 11 | D37: 11 | E37: PI424397 | G37: 23 | H37: R18C-13665 | J37: 35 | K37: R18-14502
A38: Range 10 | D38: 10 | E38: PI377574 | G38: 22 | H38: PI567488B | J38: 34 | K38: R18C-13665
A39: Range 9 | D39: 9 | E39: PI398245 | G39: 21 | H39: P42A84E | J39: 33 | K39: R19C-1012
A40: Range 8 | D40: 8 | E40: R19-45980 | G40: 20 | H40: PI424397 | J40: 32 | K40: P52A14SE
A41: Range 7 | D41: 7 | E41: R19-46252 | G41: 19 | H41: R18-14502 | J41: 31 | K41: PI377574
A42: Range 6 | D42: 6 | E42: R18C-13665 | G42: 18 | H42: R19C-1012 | J42: 30 | K42: PI424397
A43: Range 5 | D43: 5 | E43: R18-14502 | G43: 17 | H43: R19-46252 | J43: 29 | K43: PI567488B
A44: Range 4 | D44: 4 | E44: R19C-1012 | G44: 16 | H44: P48A14E | J44: 28 | K44: PI398245
A45: Range 3 | D45: 3 | E45: P52A14SE | G45: 15 | H45: PI398245 | J45: 27 | K45: R19-45980
A46: Range 2 | D46: 2 | E46: P48A14E | G46: 14 | H46: R19-45980 | J46: 26 | K46: P42A84E
A47: Range 1 | D47: 1 | E47: P42A84E | G47: 13 | H47: PI377574 | J47: 25 | K47: P48A14E
D49: Col 1 | G49: Col 2 | J49: Col 3
A51: Irrigated
A53: Range 12 | C53: REP1 | D53: 48 | E53: PI567488B | F53: REP2 | G53: 60 | H53: P52A14SE | I53: REP3 | J53: 72 | K53: R19-46252
A54: Range 11 | D54: 47 | E54: PI424397 | G54: 59 | H54: R18C-13665 | J54: 71 | K54: R18-14502
A55: Range 10 | D55: 46 | E55: PI377574 | G55: 58 | H55: PI567488B | J55: 70 | K55: R18C-13665
A56: Range 9 | D56: 45 | E56: PI398245 | G56: 57 | H56: P42A84E | J56: 69 | K56: R19C-1012
A57: Range 8 | D57: 44 | E57: R19-45980 | G57: 56 | H57: PI424397 | J57: 68 | K57: P52A14SE
A58: Range 7 | D58: 43 | E58: R19-46252 | G58: 55 | H58: R18-14502 | J58: 67 | K58: PI377574
A59: Range 6 | D59: 42 | E59: R18C-13665 | G59: 54 | H59: R19C-1012 | J59: 66 | K59: PI424397
A60: Range 5 | D60: 41 | E60: R18-14502 | G60: 53 | H60: R19-46252 | J60: 65 | K60: PI567488B
A61: Range 4 | D61: 40 | E61: R19C-1012 | G61: 52 | H61: P48A14E | J61: 64 | K61: PI398245
A62: Range 3 | D62: 39 | E62: P52A14SE | G62: 51 | H62: PI398245 | J62: 63 | K62: R19-45980
A63: Range 2 | D63: 38 | E63: P48A14E | G63: 50 | H63: R19-45980 | J63: 62 | K63: P42A84E
A64: Range 1 | D64: 37 | E64: P42A84E | G64: 49 | H64: PI377574 | J64: 61 | K64: P48A14E
D66: Col 4 | G66: Col 5 | J66: Col 6

Sheet 2024-H3
C6: Rainfed | I6: Irrigated
C8: Plot number
A10: Range 12 | B10: REP1 | C10: 12 | D10: REP2 | E10: 24 | F10: REP3 | G10: 36 | H10: REP1 | I10: 48 | J10: REP2 | K10: 60 | L10: REP3 | M10: 72
A11: Range 11 | C11: 11 | E11: 23 | G11: 35 | I11: 47 | K11: 59 | M11: 71
A12: Range 10 | C12: 10 | E12: 22 | G12: 34 | I12: 46 | K12: 58 | M12: 70
A13: Range 9 | C13: 9 | E13: 21 | G13: 33 | I13: 45 | K13: 57 | M13: 69
A14: Range 8 | C14: 8 | E14: 20 | G14: 32 | I14: 44 | K14: 56 | M14: 68
A15: Range 7 | C15: 7 | E15: 19 | G15: 31 | I15: 43 | K15: 55 | M15: 67
A16: Range 6 | C16: 6 | E16: 18 | G16: 30 | I16: 42 | K16: 54 | M16: 66
A17: Range 5 | C17: 5 | E17: 17 | G17: 29 | I17: 41 | K17: 53 | M17: 65
A18: Range 4 | C18: 4 | E18: 16 | G18: 28 | I18: 40 | K18: 52 | M18: 64
A19: Range 3 | C19: 3 | E19: 15 | G19: 27 | I19: 39 | K19: 51 | M19: 63
A20: Range 2 | C20: 2 | E20: 14 | G20: 26 | I20: 38 | K20: 50 | M20: 62
A21: Range 1 | C21: 1 | E21: 13 | G21: 25 | I21: 37 | K21: 49 | M21: 61
C23: Col 1 | E23: Col 2 | G23: Col 3 | I23: Col 4 | K23: Col 5 | M23: Col 6
A34: Rainfed
A36: Range 12 | C36: REP1 | D36: 12 | E36: PI567488B | F36: REP2 | G36: 24 | H36: P52A14SE | I36: REP3 | J36: 36 | K36: R19-46252
A37: Range 11 | D37: 11 | E37: PI424397 | G37: 23 | H37: R18C-13665 | J37: 35 | K37: R18-14502
A38: Range 10 | D38: 10 | E38: PI377574 | G38: 22 | H38: PI567488B | J38: 34 | K38: R18C-13665
A39: Range 9 | D39: 9 | E39: PI398245 | G39: 21 | H39: P42A84E | J39: 33 | K39: R19C-1012
A40: Range 8 | D40: 8 | E40: R19-45980 | G40: 20 | H40: PI424397 | J40: 32 | K40: P52A14SE
A41: Range 7 | D41: 7 | E41: R19-46252 | G41: 19 | H41: R18-14502 | J41: 31 | K41: PI377574
A42: Range 6 | D42: 6 | E42: R18C-13665 | G42: 18 | H42: R19C-1012 | J42: 30 | K42: PI424397
A43: Range 5 | D43: 5 | E43: R18-14502 | G43: 17 | H43: R19-46252 | J43: 29 | K43: PI567488B
A44: Range 4 | D44: 4 | E44: R19C-1012 | G44: 16 | H44: P48A14E | J44: 28 | K44: PI398245
A45: Range 3 | D45: 3 | E45: P52A14SE | G45: 15 | H45: PI398245 | J45: 27 | K45: R19-45980
A46: Range 2 | D46: 2 | E46: P48A14E | G46: 14 | H46: R19-45980 | J46: 26 | K46: P42A84E
A47: Range 1 | D47: 1 | E47: P42A84E | G47: 13 | H47: PI377574 | J47: 25 | K47: P48A14E
D49: Col 1 | G49: Col 2 | J49: Col 3
A51: Irrigated
A53: Range 12 | C53: REP1 | D53: 48 | E53: PI567488B | F53: REP2 | G53: 60 | H53: P52A14SE | I53: REP3 | J53: 72 | K53: R19-46252
A54: Range 11 | D54: 47 | E54: PI424397 | G54: 59 | H54: R18C-13665 | J54: 71 | K54: R18-14502
A55: Range 10 | D55: 46 | E55: PI377574 | G55: 58 | H55: PI567488B | J55: 70 | K55: R18C-13665
A56: Range 9 | D56: 45 | E56: PI398245 | G56: 57 | H56: P42A84E | J56: 69 | K56: R19C-1012
A57: Range 8 | D57: 44 | E57: R19-45980 | G57: 56 | H57: PI424397 | J57: 68 | K57: P52A14SE
A58: Range 7 | D58: 43 | E58: R19-46252 | G58: 55 | H58: R18-14502 | J58: 67 | K58: PI377574
A59: Range 6 | D59: 42 | E59: R18C-13665 | G59: 54 | H59: R19C-1012 | J59: 66 | K59: PI424397
A60: Range 5 | D60: 41 | E60: R18-14502 | G60: 53 | H60: R19-46252 | J60: 65 | K60: PI567488B
A61: Range 4 | D61: 40 | E61: R19C-1012 | G61: 52 | H61: P48A14E | J61: 64 | K61: PI398245
A62: Range 3 | D62: 39 | E62: P52A14SE | G62: 51 | H62: PI398245 | J62: 63 | K62: R19-45980
A63: Range 2 | D63: 38 | E63: P48A14E | G63: 50 | H63: R19-45980 | J63: 62 | K63: P42A84E
A64: Range 1 | D64: 37 | E64: P42A84E | G64: 49 | H64: PI377574 | J64: 61 | K64: P48A14E
D66: Col 4 | G66: Col 5 | J66: Col 6

Sheet 2024-H4
C6: Rainfed | I6: Irrigated
C8: Plot number
A10: Range 12 | B10: REP1 | C10: 12 | D10: REP2 | E10: 24 | F10: REP3 | G10: 36 | H10: REP1 | I10: 48 | J10: REP2 | K10: 60 | L10: REP3 | M10: 72
A11: Range 11 | C11: 11 | E11: 23 | G11: 35 | I11: 47 | K11: 59 | M11: 71
A12: Range 10 | C12: 10 | E12: 22 | G12: 34 | I12: 46 | K12: 58 | M12: 70
A13: Range 9 | C13: 9 | E13: 21 | G13: 33 | I13: 45 | K13: 57 | M13: 69
A14: Range 8 | C14: 8 | E14: 20 | G14: 32 | I14: 44 | K14: 56 | M14: 68
A15: Range 7 | C15: 7 | E15: 19 | G15: 31 | I15: 43 | K15: 55 | M15: 67
A16: Range 6 | C16: 6 | E16: 18 | G16: 30 | I16: 42 | K16: 54 | M16: 66
A17: Range 5 | C17: 5 | E17: 17 | G17: 29 | I17: 41 | K17: 53 | M17: 65
A18: Range 4 | C18: 4 | E18: 16 | G18: 28 | I18: 40 | K18: 52 | M18: 64
A19: Range 3 | C19: 3 | E19: 15 | G19: 27 | I19: 39 | K19: 51 | M19: 63
A20: Range 2 | C20: 2 | E20: 14 | G20: 26 | I20: 38 | K20: 50 | M20: 62
A21: Range 1 | C21: 1 | E21: 13 | G21: 25 | I21: 37 | K21: 49 | M21: 61
C23: Col 1 | E23: Col 2 | G23: Col 3 | I23: Col 4 | K23: Col 5 | M23: Col 6
A34: Rainfed
A36: Range 12 | C36: REP1 | D36: 12 | E36: PI567488B | F36: REP2 | G36: 24 | H36: P52A14SE | I36: REP3 | J36: 36 | K36: R19-46252
A37: Range 11 | D37: 11 | E37: PI424397 | G37: 23 | H37: R18C-13665 | J37: 35 | K37: R18-14502
A38: Range 10 | D38: 10 | E38: PI377574 | G38: 22 | H38: PI567488B | J38: 34 | K38: R18C-13665
A39: Range 9 | D39: 9 | E39: PI398245 | G39: 21 | H39: P42A84E | J39: 33 | K39: R19C-1012
A40: Range 8 | D40: 8 | E40: R19-45980 | G40: 20 | H40: PI424397 | J40: 32 | K40: P52A14SE
A41: Range 7 | D41: 7 | E41: R19-46252 | G41: 19 | H41: R18-14502 | J41: 31 | K41: PI377574
A42: Range 6 | D42: 6 | E42: R18C-13665 | G42: 18 | H42: R19C-1012 | J42: 30 | K42: PI424397
A43: Range 5 | D43: 5 | E43: R18-14502 | G43: 17 | H43: R19-46252 | J43: 29 | K43: PI567488B
A44: Range 4 | D44: 4 | E44: R19C-1012 | G44: 16 | H44: P48A14E | J44: 28 | K44: PI398245
A45: Range 3 | D45: 3 | E45: P52A14SE | G45: 15 | H45: PI398245 | J45: 27 | K45: R19-45980
A46: Range 2 | D46: 2 | E46: P48A14E | G46: 14 | H46: R19-45980 | J46: 26 | K46: P42A84E
A47: Range 1 | D47: 1 | E47: P42A84E | G47: 13 | H47: PI377574 | J47: 25 | K47: P48A14E
D49: Col 1 | G49: Col 2 | J49: Col 3
A51: Irrigated
A53: Range 12 | C53: REP1 | D53: 48 | E53: PI567488B | F53: REP2 | G53: 60 | H53: P52A14SE | I53: REP3 | J53: 72 | K53: R19-46252
A54: Range 11 | D54: 47 | E54: PI424397 | G54: 59 | H54: R18C-13665 | J54: 71 | K54: R18-14502
A55: Range 10 | D55: 46 | E55: PI377574 | G55: 58 | H55: PI567488B | J55: 70 | K55: R18C-13665
A56: Range 9 | D56: 45 | E56: PI398245 | G56: 57 | H56: P42A84E | J56: 69 | K56: R19C-1012
A57: Range 8 | D57: 44 | E57: R19-45980 | G57: 56 | H57: PI424397 | J57: 68 | K57: P52A14SE
A58: Range 7 | D58: 43 | E58: R19-46252 | G58: 55 | H58: R18-14502 | J58: 67 | K58: PI377574
A59: Range 6 | D59: 42 | E59: R18C-13665 | G59: 54 | H59: R19C-1012 | J59: 66 | K59: PI424397
A60: Range 5 | D60: 41 | E60: R18-14502 | G60: 53 | H60: R19-46252 | J60: 65 | K60: PI567488B
A61: Range 4 | D61: 40 | E61: R19C-1012 | G61: 52 | H61: P48A14E | J61: 64 | K61: PI398245
A62: Range 3 | D62: 39 | E62: P52A14SE | G62: 51 | H62: PI398245 | J62: 63 | K62: R19-45980
A63: Range 2 | D63: 38 | E63: P48A14E | G63: 50 | H63: R19-45980 | J63: 62 | K63: P42A84E
A64: Range 1 | D64: 37 | E64: P42A84E | G64: 49 | H64: PI377574 | J64: 61 | K64: P48A14E
D66: Col 4 | G66: Col 5 | J66: Col 6

Sheet all
A1: Year | B1: Harvest | C1: Genotype | D1: Treatment | E1: Rep | F1: Plot | G1: Date | H1: DOY | I1: DAP | J1: Location | K1: Population | L1: GreenPartition5 | M1: YellowPartition5 | N1: StemPartition5 | O1: ReprodPartition5 | P1: SeedPartition5 | Q1: SeedTB | R1: BiomassPartition5 | S1: Biomass_linear | T1: TotalBiomass_kg_ha | U1: linear | V1: RowSpace | W1: TotalSampleArea | X1: GreenBiomass | Y1: YellowBiomass | Z1: StemBiomass | AA1: ReprodBiomass | AB1: SeedBiomass | AC1: SeedTB_ha | AD1: yield_kg_ha | AE1: yield_combine | AF1: HI | AG1: yield_bu_ac | AH1: AvgHeight | AI1: AvgNode
A2: 2024 | B2: final | C2: P42A84E | D2: Rainfed | E2: 1 | F2: 1 | G2: 45572 | H2: 280 | J2: sarec | K2: 37100 | L2: 0 | M2: 1.6 | N2: 19.89 | O2: 54.3 | P2: 35.8 | Q2: 241.5 | R2: 111.59 | S2: 609.5 | T2: 3748.8512 | U2: 2 | V2: 0.914 | W2: 1.828 | X2: 0 | Y2: 79.141865 | Z2: 983.83231 | AA2: 2685.877 | AB2: 1770.7992 | AC2: 1485.3939 | AD2: 1516.9584 | AF2: 0.40464621 | AG2: 25.980093 | AH2: 48.006 | AI2: 13
A3: 2024 | B3: final | C3: P48A14E | D3: Rainfed | E3: 1 | F3: 2 | G3: 45566 | H3: 274 | J3: sarec | K3: 37100 | L3: 0 | M3: 0.6 | N3: 22.89 | O3: 76.3 | P3: 51.9 | Q3: 213.1 | R3: 151.69 | S3: 475.5 | T3: 3147.1007 | U3: 2 | V3: 0.914 | W3: 1.828 | X3: 0 | Y3: 18.922341 | Z3: 721.8873 | AA3: 2406.291 | AB3: 1636.7825 | AC3: 1410.4041 | AD3: 1449.6718 | AF3: 0.46063724 | AG3: 24.827712 | AH3: 54.9402 | AI3: 15.2
A4: 2024 | B4: final | C4: P52A14SE | D4: Rainfed | E4: 1 | F4: 3 | G4: 45572 | H4: 280 | J4: sarec | K4: 37100 | L4: 0 | M4: 1.6 | N4: 25.89 | O4: 63.3 | P4: 42.5 | Q4: 199 | R4: 133.29 | S4: 472.5 | T4: 3081.4551 | U4: 2 | V4: 0.914 | W4: 1.828 | X4: 0 | Y4: 54.30475 | Z4: 878.71873 | AA4: 2148.4317 | AB4: 1442.4699 | AC4: 1297.798 | AD4: 1321.116 | AF4: 0.4287312 | AG4: 22.626009 | AH4: 51.308 | AI4: 12
A5: 2024 | B5: final | C5: R19C-1012 | D5: Rainfed | E5: 1 | F5: 4 | G5: 45566 | H5: 274 | J5: sarec | K5: 37100 | L5: 0 | M5: 0 | N5: 35.89 | O5: 101.3 | P5: 66 | Q5: 199.1 | R5: 203.19 | S5: 480.5 | T5: 3379.0481 | U5: 2 | V5: 0.914 | W5: 1.828 | X5: 0 | Y5: 0 | Z5: 883.98599 | AA5: 2495.0622 | AB5: 1625.6081 | AC5: 1400.1425 | AD5: 1450.2188 | AF5: 0.42917969 | AG5: 24.837081 | AH5: 58.674 | AI5: 19.2
A6: 2024 | B6: final | C6: R18-14502 | D6: Rainfed | E6: 1 | F6: 5 | G6: 45566 | H6: 274 | J6: sarec | K6: 37100 | L6: 0 | M6: 0 | N6: 22.89 | O6: 74.3 | P6: 49.6 | Q6: 0 | R6: 146.79 | S6: 0 | T6: 531.67396 | U6: 2 | V6: 0.914 | W6: 1.828 | X6: 0 | Y6: 0 | Z6: 125.21882 | AA6: 406.45514 | AB6: 271.33479 | AC6: 0 | AD6: 271.33479 | AF6: 0.51034057 | AG6: 4.6469982 | AH6: 64.262 | AI6: 19
A7: 2024 | B7: final | C7: R18C-13665 | D7: Rainfed | E7: 1 | F7: 6 | G7: 45576 | H7: 284 | J7: sarec | K7: 37100 | L7: 0 | M7: 0 | N7: 0 | O7: 0 | P7: 0 | Q7: 472.9 | R7: 0 | S7: 975.5 | T7: 5336.4333 | U7: 2 | V7: 0.914 | W7: 1.828 | X7: 0 | Y7: 0 | Z7: 0 | AA7: 0 | AB7: 0 | AC7: 2586.9803 | AD7: 2586.9803 | AF7: 0.48477704 | AG7: 44.305755
A8: 2024 | B8: final | C8: R19-46252 | D8: Rainfed | E8: 1 | F8: 7 | G8: 45576 | H8: 284 | J8: sarec | K8: 37100 | L8: 0 | M8: 0 | N8: 0 | O8: 0 | P8: 0 | Q8: 323.9 | R8: 0 | S8: 762.5 | T8: 4171.2254 | U8: 2 | V8: 0.914 | W8: 1.828 | X8: 0 | Y8: 0 | Z8: 0 | AA8: 0 | AB8: 0 | AC8: 1771.8818 | AD8: 1771.8818 | AF8: 0.42478689 | AG8: 30.346022
A9: 2024 | B9: final | C9: R19-45980 | D9: Rainfed | E9: 1 | F9: 8 | G9: 45572 | H9: 280 | J9: sarec | K9: 37100 | L9: 0 | M9: 0 | N9: 0 | O9: 0 | P9: 0 | Q9: 226.3 | R9: 0 | S9: 639.5 | T9: 3498.3589 | U9: 2 | V9: 0.914 | W9: 1.828 | X9: 0 | Y9: 0 | Z9: 0 | AA9: 0 | AB9: 0 | AC9: 1237.965 | AD9: 1237.965 | AF9: 0.35387021 | AG9: 21.201929
A10: 2024 | B10: final | C10: PI471938 | D10: Rainfed | E10: 1 | F10: 9 | G10: 45562 | H10: 270 | J10: sarec | K10: 37100 | L10: 0 | M10: 0 | N10: 23.89 | O10: 88.3 | P10: 44.1 | Q10: 130.1 | R10: 156.29 | S10: 275.5 | T10: 2120.8425 | U10: 2 | V10: 0.914 | W10: 1.828 | X10: 0 | Y10: 0 | Z10: 451.61713 | AA10: 1669.2253 | AB10: 833.66746 | AC10: 1001.5303 | AD10: 952.95405 | AF10: 0.44932807 | AG10: 16.320707 | AH10: 31.75 | AI10: 12.8
A11: 2024 | B11: final | C11: PI548431 | D11: Rainfed | E11: 1 | F11: 10 | G11: 45562 | H11: 270 | J11: sarec | K11: 37100 | L11: 0 | M11: 0 | N11: 29.89 | O11: 89.3 | P11: 50.4 | Q11: 106.1 | R11: 169.59 | S11: 301.5 | T11: 2301.3676 | U11: 2 | V11: 0.914 | W11: 1.828 | X11: 0 | Y11: 0 | Z11: 577.12793 | AA11: 1724.2397 | AB11: 973.14311 | AC11: 809.86767 | AD11: 856.12691 | AF11: 0.37200789 | AG11: 14.662403 | AH11: 48.768 | AI11: 14.6
A12: 2024 | B12: final | C12: PI603457A | D12: Rainfed | E12: 1 | F12: 11 | G12: 45562 | H12: 270 | J12: sarec | K12: 37100 | L12: 0 | M12: 27.6 | N12: 53.89 | O12: 105.3 | P12: 59 | Q12: 107.5 | R12: 245.79 | S12: 300.5 | T12: 2665.7002 | U12: 2 | V12: 0.914 | W12: 1.828 | X12: 0 | Y12: 393.88257 | Z12: 769.07 | AA12: 1502.7476 | AB12: 841.99536 | AC12: 953.61988 | AD12: 910.83151 | AF12: 0.34168565 | AG12: 15.599298 | AH12: 44.45 | AI12: 14.2
A13: 2024 | B13: final | C13: PI507408 | D13: Rainfed | E13: 1 | F13: 12 | G13: 45562 | H13: 270 | J13: sarec | K13: 37100 | L13: 0 | M13: 0 | N13: 0 | O13: 0 | P13: 0 | Q13: 274 | R13: 0 | S13: 612.5 | T13: 3350.6565 | U13: 2 | V13: 0.914 | W13: 1.828 | X13: 0 | Y13: 0 | Z13: 0 | AA13: 0 | AB13: 0 | AC13: 1498.9059 | AD13: 1498.9059 | AF13: 0.44734694 | AG13: 25.670917
A14: 2024 | B14: final | C14: PI548431 | D14: Rainfed | E14: 2 | F14: 13 | G14: 45562 | H14: 270 | J14: sarec | K14: 37100 | L14: 0 | M14: 0 | N14: 22.89 | O14: 67.3 | P14: 31 | Q14: 76.2 | R14: 121.19 | S14: 309.5 | T14: 2186.488 | U14: 2 | V14: 0.914 | W14: 1.828 | X14: 0 | Y14: 0 | Z14: 554.92526 | AA14: 1631.5627 | AB14: 751.53705 | AC14: 538.32111 | AD14: 586.43326 | AF14: 0.26820786 | AG14: 10.043512 | AH14: 56.896 | AI14: 15.8
A15: 2024 | B15: final | C15: R19-45980 | D15: Rainfed | E15: 2 | F15: 14 | G15: 45576 | H15: 284 | J15: sarec | K15: 37100 | L15: 0 | M15: 0 | N15: 0 | O15: 0 | P15: 0 | Q15: 301.1 | R15: 0 | S15: 723.5 | T15: 3957.8775 | U15: 2 | V15: 0.914 | W15: 1.828 | X15: 0 | Y15: 0 | Z15: 0 | AA15: 0 | AB15: 0 | AC15: 1647.1554 | AD15: 1647.1554 | AF15: 0.41617139 | AG15: 28.209902
A16: 2024 | B16: final | C16: PI471938 | D16: Rainfed | E16: 2 | F16: 15 | G16: 45562 | H16: 270 | J16: sarec | K16: 37100 | L16: 0 | M16: 1.6 | N16: 39.89 | O16: 168.3 | P16: 105.5 | Q16: 143.2 | R16: 315.29 | S16: 295.5 | T16: 2764.1685 | U16: 2 | V16: 0.914 | W16: 1.828 | X16: 0 | Y16: 21.081413 | Z16: 525.58597 | AA16: 2217.5011 | AB16: 1390.0557 | AC16: 1339.5226 | AD16: 1360.5033 | AF16: 0.4921926 | AG16: 23.300573 | AH16: 38.608 | AI16: 14.6
A17: 2024 | B17: final | C17: P48A14E | D17: Rainfed | E17: 2 | F17: 16 | G17: 45566 | H17: 274 | J17: sarec | K17: 37100 | L17: 0 | M17: 3.6 | N17: 26.89 | O17: 65.3 | P17: 43.2 | Q17: 255.9 | R17: 138.99 | S17: 662.5 | T17: 4148.1947 | U17: 2 | V17: 0.914 | W17: 1.828 | X17: 0 | Y17: 155.89833 | Z17: 1164.4739 | AA17: 2827.8225 | AB17: 1870.78 | AC17: 1602.2989 | AD17: 1636.2144 | AF17: 0.39444012 | AG17: 28.022523 | AH17: 57.404 | AI17: 14.2
A18: 2024 | B18: final | C18: R19-46252 | D18: Rainfed | E18: 2 | F18: 17 | G18: 45576 | H18: 284 | J18: sarec | K18: 37100 | L18: 0 | M18: 0 | N18: 0 | O18: 0 | P18: 0 | Q18: 262.9 | R18: 0 | S18: 663.5 | T18: 3629.6499 | U18: 2 | V18: 0.914 | W18: 1.828 | X18: 0 | Y18: 0 | Z18: 0 | AA18: 0 | AB18: 0 | AC18: 1438.1838 | AD18: 1438.1838 | AF18: 0.3962321 | AG18: 24.630964
A19: 2024 | B19: final | C19: R19C-1012 | D19: Rainfed | E19: 2 | F19: 18 | G19: 45566 | H19: 274 | J19: sarec | K19: 37100 | L19: 0 | M19: 0 | N19: 28.89 | O19: 68.3 | P19: 47.6 | Q19: 260.4 | R19: 144.79 | S19: 637.5 | T19: 4019.0919 | U19: 2 | V19: 0.914 | W19: 1.828 | X19: 0 | Y19: 0 | Z19: 1194.6863 | AA19: 2824.4056 | AB19: 1968.3998 | AC19: 1641.6808 | AD19: 1684.9015 | AF19: 0.41922443 | AG19: 28.85636 | AH19: 66.294 | AI19: 17.2
A20: 2024 | B20: final | C20: R18-14502 | D20: Rainfed | E20: 2 | F20: 19 | G20: 45566 | H20: 274 | J20: sarec | K20: 37100 | L20: 0 | M20: 0 | N20: 20.89 | O20: 68.3 | P20: 47.5 | Q20: 265.5 | R20: 136.69 | S20: 572.5 | T20: 3619.7484 | U20: 2 | V20: 0.914 | W20: 1.828 | X20: 0 | Y20: 0 | Z20: 847.81414 | AA20: 2771.9342 | AB20: 1927.7727 | AC20: 1678.6781 | AD20: 1712.2538 | AF20: 0.47303118 | AG20: 29.324807 | AH20: 61.722 | AI20: 16.4
A21: 2024 | B21: final | C21: PI603457A | D21: Rainfed | E21: 2 | F21: 20 | G21: 45562 | H21: 270 | J21: sarec | K21: 37100 | L21: 0 | M21: 0.6 | N21: 27.89 | O21: 55.3 | P21: 31.4 | Q21: 132.2 | R21: 115.19 | S21: 330.5 | T21: 2266.3567 | U21: 2 | V21: 0.914 | W21: 1.828 | X21: 0 | Y21: 16.228834 | Z21: 754.3703 | AA21: 1495.7575 | AB21: 849.30898 | AC21: 906.54267 | AD21: 894.96718 | AF21: 0.39489247 | AG21: 15.327599 | AH21: 40.386 | AI21: 15.2
A22: 2024 | B22: final | C22: P42A84E | D22: Rainfed | E22: 2 | F22: 21 | G22: 45576 | H22: 284 | J22: sarec | K22: 37100 | L22: 0 | M22: 0 | N22: 17.89 | O22: 92.3 | P22: 65.7 | Q22: 195.8 | R22: 175.89 | S22: 429.5 | T22: 2952.3523 | U22: 2 | V22: 0.914 | W22: 1.828 | X22: 0 | Y22: 0 | Z22: 479.3319 | AA22: 2473.0204 | AB22: 1760.319 | AC22: 1345.9152 | AD22: 1430.5252 | AF22: 0.48453742 | AG22: 24.499799 | AH22: 42.418 | AI22: 15
A23: 2024 | B23: final | C23: PI507408 | D23: Rainfed | E23: 2 | F23: 22 | G23: 45562 | H23: 270 | J23: sarec | K23: 37100 | L23: 0 | M23: 0 | N23: 0 | O23: 0 | P23: 0 | Q23: 331.3 | R23: 0 | S23: 679.5 | T23: 3717.1772 | U23: 2 | V23: 0.914 | W23: 1.828 | X23: 0 | Y23: 0 | Z23: 0 | AA23: 0 | AB23: 0 | AC23: 1812.3632 | AD23: 1812.3632 | AF23: 0.48756439 | AG23: 31.039324
A24: 2024 | B24: final | C24: R18C-13665 | D24: Rainfed | E24: 2 | F24: 23 | G24: 45576 | H24: 284 | J24: sarec | K24: 37100 | L24: 0 | M24: 0 | N24: 0 | O24: 0 | P24: 0 | Q24: 329.5 | R24: 0 | S24: 696.5 | T24: 3810.1751 | U24: 2 | V24: 0.914 | W24: 1.828 | X24: 0 | Y24: 0 | Z24: 0 | AA24: 0 | AB24: 0 | AC24: 1802.5164 | AD24: 1802.5164 | AF24: 0.47307968 | AG24: 30.870683
A25: 2024 | B25: final | C25: P52A14SE | D25: Rainfed | E25: 2 | F25: 24 | G25: 45576 | H25: 284 | J25: sarec | K25: 37100 | L25: 0 | M25: 2.6 | N25: 33.89 | O25: 98.3 | P25: 66 | Q25: 229 | R25: 200.79 | S25: 490.5 | T25: 3420.6236 | U25: 2 | V25: 0.914 | W25: 1.828 | X25: 0 | Y25: 65.981315 | Z25: 860.04106 | AA25: 2494.6013 | AB25: 1674.9103 | AC25: 1596.9884 | AD25: 1613.7856 | AF25: 0.47178109 | AG25: 27.638396 | AH25: 51.816 | AI25: 13.4
A26: 2024 | B26: final | C26: P48A14E | D26: Rainfed | E26: 3 | F26: 25 | G26: 45566 | H26: 274 | J26: sarec | K26: 37100 | L26: 0 | M26: 0 | N26: 23.89 | O26: 96.3 | P26: 63.6 | Q26: 264.8 | R26: 183.79 | S26: 557.5 | T26: 3707.2757 | U26: 2 | V26: 0.914 | W26: 1.828 | X26: 0 | Y26: 0 | Z26: 736.89006 | AA26: 2970.3856 | AB26: 1961.75 | AC26: 1760.8728 | AD26: 1796.4989 | AF26: 0.48458735 | AG26: 30.767625 | AH26: 50.8 | AI26: 16.6
A27: 2024 | B27: final | C27: P42A84E | D27: Rainfed | E27: 3 | F27: 26 | G27: 45576 | H27: 284 | J27: sarec | K27: 37100 | L27: 0 | M27: 0 | N27: 15.89 | O27: 66.3 | P27: 42.4 | Q27: 256.8 | R27: 124.59 | S27: 573.5 | T27: 3586.9256 | U27: 2 | V27: 0.914 | W27: 1.828 | X27: 0 | Y27: 0 | Z27: 693.46937 | AA27: 2893.4562 | AB27: 1850.4154 | AC27: 1606.1421 | AD27: 1636.7615 | AF27: 0.4563132 | AG27: 28.031892 | AH27: 51.562 | AI27: 14
A28: 2024 | B28: final | C28: R19-45980 | D28: Rainfed | E28: 3 | F28: 27 | G28: 45576 | H28: 284 | J28: sarec | K28: 37100 | L28: 0 | M28: 0 | N28: 0 | O28: 0 | P28: 0 | Q28: 263.7 | R28: 0 | S28: 576.5 | T28: 3153.7199 | U28: 2 | V28: 0.914 | W28: 1.828 | X28: 0 | Y28: 0 | Z28: 0 | AA28: 0 | AB28: 0 | AC28: 1442.5602 | AD28: 1442.5602 | AF28: 0.45741544 | AG28: 24.705916
A29: 2024 | B29: final | C29: PI471938 | D29: Rainfed | E29: 3 | F29: 28 | G29: 45562 | H29: 270 | J29: sarec | K29: 37100 | L29: 0 | M29: 2.6 | N29: 54.89 | O29: 200.3 | P29: 118.9 | Q29: 198.6 | R29: 376.69 | S29: 526.5 | T29: 4290.4267 | U29: 2 | V29: 0.914 | W29: 1.828 | X29: 0 | Y29: 43.27208 | Z29: 913.54017 | AA29: 3333.6144 | AB29: 1978.8655 | AC29: 1618.3832 | AD29: 1736.8709 | AF29: 0.40482475 | AG29: 29.74641 | AH29: 38.354 | AI29: 13.8
A30: 2024 | B30: final | C30: PI507408 | D30: Rainfed | E30: 3 | F30: 29 | G30: 45562 | H30: 270 | J30: sarec | K30: 37100 | L30: 0 | M30: 0 | N30: 0 | O30: 0 | P30: 0 | Q30: 307.3 | R30: 0 | S30: 670.5 | T30: 3667.9431 | U30: 2 | V30: 0.914 | W30: 1.828 | X30: 0 | Y30: 0 | Z30: 0 | AA30: 0 | AB30: 0 | AC30: 1681.0722 | AD30: 1681.0722 | AF30: 0.45831469 | AG30: 28.790777
A31: 2024 | B31: final | C31: PI603457A | D31: Rainfed | E31: 3 | F31: 30 | G31: 45562 | H31: 270 | J31: sarec | K31: 37100 | L31: 0 | M31: 9.6 | N31: 33.89 | O31: 96.3 | P31: 59.4 | Q31: 151.9 | R31: 199.19 | S31: 406.5 | T31: 2988.4573 | U31: 2 | V31: 0.914 | W31: 1.828 | X31: 0 | Y31: 205.23063 | Z31: 724.5069 | AA31: 2058.7198 | AB31: 1269.8645 | AC31: 1116.72 | AD31: 1155.9081 | AF31: 0.3867909 | AG31: 19.796587 | AH31: 39.116 | AI31: 12.6
A32: 2024 | B32: final | C32: PI548431 | D32: Rainfed | E32: 3 | F32: 31 | G32: 45562 | H32: 270 | J32: sarec | K32: 37100 | L32: 0 | M32: 0.6 | N32: 34.89 | O32: 72.3 | P32: 36.7 | Q32: 89.7 | R32: 144.49 | S32: 303.5 | T32: 2249.9453 | U32: 2 | V32: 0.914 | W32: 1.828 | X32: 0 | Y32: 12.524048 | Z32: 728.27341 | AA32: 1509.1478 | AB32: 766.05429 | AC32: 664.97559 | AD32: 691.46608 | AF32: 0.30732573 | AG32: 11.84235 | AH32: 59.436 | AI32: 16.2
A33: 2024 | B33: final | C33: P52A14SE | D33: Rainfed | E33: 3 | F33: 32 | G33: 45576 | H33: 284 | J33: sarec | K33: 37100 | L33: 0 | M33: 0 | N33: 30.89 | O33: 96.3 | P33: 62.6 | Q33: 220.4 | R33: 189.79 | S33: 477.5 | T33: 3307.9322 | U33: 2 | V33: 0.914 | W33: 1.828 | X33: 0 | Y33: 0 | Z33: 803.38096 | AA33: 2504.5512 | AB33: 1628.0883 | AC33: 1526.8445 | AD33: 1548.14 | AF33: 0.4680084 | AG33: 26.514123 | AH33: 46.99 | AI33: 14
A34: 2024 | B34: final | C34: R19C-1012 | D34: Rainfed | E34: 3 | F34: 33 | G34: 45566 | H34: 274 | J34: sarec | K34: 37100 | L34: 0 | M34: 0 | N34: 27.89 | O34: 77.3 | P34: 55.8 | Q34: 391.9 | R34: 160.99 | S34: 827.5 | T34: 5102.2429 | U34: 2 | V34: 0.914 | W34: 1.828 | X34: 0 | Y34: 0 | Z34: 1352.805 | AA34: 3749.4379 | AB34: 2706.58 | AC34: 2416.3976 | AD34: 2449.1247 | AF34: 0.48000944 | AG34: 41.94478 | AH34: 66.294 | AI34: 17.8
A35: 2024 | B35: final | C35: R18C-13665 | D35: Rainfed | E35: 3 | F35: 34 | G35: 45576 | H35: 284 | J35: sarec | K35: 37100 | L35: 0 | M35: 0 | N35: 0 | O35: 0 | P35: 0 | Q35: 350.4 | R35: 0 | S35: 691.5 | T35: 3782.8228 | U35: 2 | V35: 0.914 | W35: 1.828 | X35: 0 | Y35: 0 | Z35: 0 | AA35: 0 | AB35: 0 | AC35: 1916.849 | AD35: 1916.849 | AF35: 0.50672451 | AG35: 32.828793
A36: 2024 | B36: final | C36: R18-14502 | D36: Rainfed | E36: 3 | F36: 35 | G36: 45566 | H36: 274 | J36: sarec | K36: 37100 | L36: 0 | M36: 0 | N36: 49.89 | O36: 144.3 | P36: 96.1 | Q36: 282.5 | R36: 290.29 | S36: 684.5 | T36: 4806.8381 | U36: 2 | V36: 0.914 | W36: 1.828 | X36: 0 | Y36: 0 | Z36: 1234.9408 | AA36: 3571.8973 | AB36: 2378.7895 | AC36: 1983.8302 | AD36: 2071.116 | AF36: 0.43086868 | AG36: 35.470837 | AH36: 63.246 | AI36: 20.2
A37: 2024 | B37: final | C37: R19-46252 | D37: Rainfed | E37: 3 | F37: 36 | G37: 45576 | H37: 284 | J37: sarec | K37: 37100 | L37: 0 | M37: 0 | N37: 0 | O37: 0 | P37: 0 | Q37: 340.2 | R37: 0 | S37: 760.5 | T37: 4160.2845 | U37: 2 | V37: 0.914 | W37: 1.828 | X37: 0 | Y37: 0 | Z37: 0 | AA37: 0 | AB37: 0 | AC37: 1861.0503 | AD37: 1861.0503 | AF37: 0.44733728 | AG37: 31.873161
A38: 2024 | B38: final | C38: P42A84E | D38: Irrigated | E38: 1 | F38: 37 | G38: 45579 | H38: 287 | J38: sarec | K38: 37100 | L38: 0.3 | M38: 0 | N38: 52.89 | O38: 134.3 | P38: 97.2 | Q38: 584.6 | R38: 284.69 | S38: 1285.5 | T38: 8057.9322 | U38: 2 | V38: 0.914 | W38: 1.828 | X38: 12.893379 | Y38: 0 | Z38: 2273.1027 | AA38: 5771.936 | AB38: 4177.4548 | AC38: 3664.463 | AD38: 3729.7593 | AF38: 0.46286804 | AG38: 63.877487 | AH38: 78.232 | AI38: 18.2
A39: 2024 | B39: final | C39: P48A14E | D39: Irrigated | E39: 1 | F39: 38 | G39: 45582 | H39: 290 | J39: sarec | K39: 37100 | L39: 0 | M39: 0 | N39: 68.89 | O39: 217.3 | P39: 163.8 | Q39: 851.1 | R39: 449.99 | S39: 1708.5 | T39: 10911.871 | U39: 2 | V39: 0.914 | W39: 1.828 | X39: 0 | Y39: 0 | Z39: 2626.6424 | AA39: 8285.2285 | AB39: 6245.377 | AC39: 5435.817 | AD39: 5551.9694 | AF39: 0.50880087 | AG39: 95.085452 | AH39: 91.948 | AI39: 20.6
A40: 2024 | B40: final | C40: P52A14SE | D40: Irrigated | E40: 1 | F40: 39 | G40: 45582 | H40: 290 | J40: sarec | K40: 37100 | L40: 0 | M40: 0 | N40: 63.89 | O40: 160.3 | P40: 120.5 | Q40: 539.8 | R40: 344.69 | S40: 1126.5 | T40: 7388.895 | U40: 2 | V40: 0.914 | W40: 1.828 | X40: 0 | Y40: 0 | Z40: 2105.6983 | AA40: 5283.1967 | AB40: 3971.461 | AC40: 3540.6352 | AD40: 3612.1444 | AF40: 0.48886125 | AG40: 61.863163 | AH40: 59.436 | AI40: 14.2
A41: 2024 | B41: final | C41: R19C-1012 | D41: Irrigated | E41: 1 | F41: 40 | G41: 45582 | H41: 290 | J41: sarec | K41: 37100 | L41: 3.3 | M41: 0 | N41: 80.89 | O41: 121.3 | P41: 90 | Q41: 628.1 | R41: 295.49 | S41: 1327.5 | T41: 8386.1597 | U41: 2 | V41: 0.914 | W41: 1.828 | X41: 134.67481 | Y41: 0 | Z41: 3301.1653 | AA41: 4950.3196 | AB41: 3672.9494 | AC41: 3967.8696 | AD41: 3928.337 | AF41: 0.46843097 | AG41: 67.278415 | AH41: 107.188 | AI41: 20.6
A42: 2024 | B42: final | C42: R18-14502 | D42: Irrigated | E42: 1 | F42: 41 | G42: 45579 | H42: 287 | J42: sarec | K42: 37100 | L42: 1.3 | M42: 0 | N42: 55.89 | O42: 91.3 | P42: 71 | Q42: 415.2 | R42: 219.49 | S42: 1102.5 | T42: 6843.4902 | U42: 2 | V42: 0.914 | W42: 1.828 | X42: 59.913376 | Y42: 0 | Z42: 2575.8143 | AA42: 4207.7625 | AB42: 3272.1921 | AC42: 2577.2491 | AD42: 2659.7374 | AF42: 0.38865219 | AG42: 45.551825 | AH42: 104.648 | AI42: 20.2
A43: 2024 | B43: final | C43: R18C-13665 | D43: Irrigated | E43: 1 | F43: 42 | G43: 45582 | H43: 290 | J43: sarec | K43: 37100 | L43: 0 | M43: 0 | N43: 0 | O43: 0 | P43: 0 | Q43: 788.3 | R43: 0 | S43: 1713.5 | T43: 9373.6324 | U43: 2 | V43: 0.914 | W43: 1.828 | X43: 0 | Y43: 0 | Z43: 0 | AA43: 0 | AB43: 0 | AC43: 4312.3632 | AD43: 4312.3632 | AF43: 0.46005252 | AG43: 73.855416
A44: 2024 | B44: final | C44: R19-46252 | D44: Irrigated | E44: 1 | F44: 43 | G44: 45582 | H44: 290 | J44: sarec | K44: 37100 | L44: 0 | M44: 0 | N44: 0 | O44: 0 | P44: 0 | Q44: 544.6 | R44: 0 | S44: 1292.5 | T44: 7070.5689 | U44: 2 | V44: 0.914 | W44: 1.828 | X44: 0 | Y44: 0 | Z44: 0 | AA44: 0 | AB44: 0 | AC44: 2979.2123 | AD44: 2979.2123 | AF44: 0.42135397 | AG44: 51.02329
A45: 2024 | B45: final | C45: R19-45980 | D45: Irrigated | E45: 1 | F45: 44 | G45: 45579 | H45: 287 | J45: sarec | K45: 37100 | L45: 0 | M45: 0 | N45: 0 | O45: 0 | P45: 0 | Q45: 753.2 | R45: 0 | S45: 1550.5 | T45: 8481.9475 | U45: 2 | V45: 0.914 | W45: 1.828 | X45: 0 | Y45: 0 | Z45: 0 | AA45: 0 | AB45: 0 | AC45: 4120.3501 | AD45: 4120.3501 | AF45: 0.48577878 | AG45: 70.566916
A46: 2024 | B46: final | C46: PI471938 | D46: Irrigated | E46: 1 | F46: 45 | G46: 45566 | H46: 274 | J46: sarec | K46: 37100 | L46: 0 | M46: 7.6 | N46: 72.89 | O46: 228.3 | P46: 148.2 | Q46: 430.2 | R46: 456.99 | S46: 857.5 | T46: 6380.1422 | U46: 2 | V46: 0.914 | W46: 1.828 | X46: 0 | Y46: 157.02931 | Z46: 1506.0351 | AA46: 4717.0779 | AB46: 3062.0716 | AC46: 3200.8597 | AD46: 3164.1138 | AF46: 0.49593154 | AG46: 54.189995 | AH46: 52.832 | AI46: 15.4
A47: 2024 | B47: final | C47: PI548431 | D47: Irrigated | E47: 1 | F47: 46 | G47: 45562 | H47: 270 | J47: sarec | K47: 37100 | L47: 22.3 | M47: 1.6 | N47: 102.89 | O47: 51.3 | P47: 4.9 | Q47: 163.8 | R47: 182.99 | S47: 645.5 | T47: 4505.4158 | U47: 2 | V47: 0.914 | W47: 1.828 | X47: 564.15729 | Y47: 40.477653 | Z47: 2602.9661 | AA47: 1297.8147 | AB47: 123.96281 | AC47: 1143.2798 | AD47: 922.86652 | AF47: 0.20483493 | AG47: 15.805415 | AH47: 83.82 | AI47: 16.6
A48: 2024 | B48: final | C48: PI603457A | D48: Irrigated | E48: 1 | F48: 47 | G48: 45562 | H48: 270 | J48: sarec | K48: 37100 | L48: 0 | M48: 0 | N48: 38.89 | O48: 103.3 | P48: 65.1 | Q48: 452.4 | R48: 207.29 | S48: 936.5 | T48: 5900.93 | U48: 2 | V48: 0.914 | W48: 1.828 | X48: 0 | Y48: 0 | Z48: 1613.9473 | AA48: 4286.9827 | AB48: 2701.6706 | AC48: 2850.5934 | AD48: 2830.9628 | AF48: 0.47974858 | AG48: 48.484305 | AH48: 58.166 | AI48: 14.4
A49: 2024 | B49: final | C49: PI507408 | D49: Irrigated | E49: 1 | F49: 48 | G49: 45562 | H49: 270 | J49: sarec | K49: 37100 | L49: 0 | M49: 0 | N49: 0 | O49: 0 | P49: 0 | Q49: 599.2 | R49: 0 | S49: 1270.5 | T49: 6950.2188 | U49: 2 | V49: 0.914 | W49: 1.828 | X49: 0 | Y49: 0 | Z49: 0 | AA49: 0 | AB49: 0 | AC49: 3277.8993 | AD49: 3277.8993 | AF49: 0.47162534 | AG49: 56.138736
A50: 2024 | B50: final | C50: PI548431 | D50: Irrigated | E50: 2 | F50: 49 | G50: 45562 | H50: 270 | J50: sarec | K50: 37100 | L50: 10.3 | M50: 0 | N50: 69.89 | O50: 111.3 | P50: 69.1 | Q50: 182.7 | R50: 260.59 | S50: 910.5 | T50: 6028.3917 | U50: 2 | V50: 0.914 | W50: 1.828 | X50: 324.25941 | Y50: 0 | Z50: 2200.2418 | AA50: 3503.8905 | AB50: 2175.3714 | AC50: 1209.6509 | AD50: 1377.4617 | AF50: 0.22849572 | AG50: 23.591011 | AH50: 67.818 | AI50: 11.8
A51: 2024 | B51: final | C51: R19-45980 | D51: Irrigated | E51: 2 | F51: 50 | G51: 45579 | H51: 287 | J51: sarec | K51: 37100 | L51: 0 | M51: 0 | N51: 0 | O51: 0 | P51: 0 | Q51: 960.3 | R51: 0 | S51: 1963.5 | T51: 10741.247 | U51: 2 | V51: 0.914 | W51: 1.828 | X51: 0 | Y51: 0 | Z51: 0 | AA51: 0 | AB51: 0 | AC51: 5253.2823 | AD51: 5253.2823 | AF51: 0.48907563 | AG51: 89.970007
A52: 2024 | B52: final | C52: PI471938 | D52: Irrigated | E52: 2 | F52: 51 | G52: 45566 | H52: 274 | J52: sarec | K52: 37100 | L52: 0 | M52: 3.6 | N52: 64.89 | O52: 206.3 | P52: 127.9 | Q52: 456.5 | R52: 402.69 | S52: 943.5 | T52: 6664.6061 | U52: 2 | V52: 0.914 | W52: 1.828 | X52: 0 | Y52: 87.312428 | Z52: 1573.8065 | AA52: 5003.4872 | AB52: 3102.0165 | AC52: 3224.5816 | AD52: 3196.9365 | AF52: 0.47968874 | AG52: 54.752132 | AH52: 45.974 | AI52: 14.6
A53: 2024 | B53: final | C53: P48A14E | D53: Irrigated | E53: 2 | F53: 52 | G53: 45582 | H53: 290 | J53: sarec | K53: 37100 | L53: 0.3 | M53: 0 | N53: 53.89 | O53: 132.3 | P53: 98 | Q53: 702.5 | R53: 284.49 | S53: 1474.5 | T53: 9086.3786 | U53: 2 | V53: 0.914 | W53: 1.828 | X53: 14.616942 | Y53: 0 | Z53: 2625.6901 | AA53: 6446.0715 | AB53: 4774.8678 | AC53: 4329.0478 | AD53: 4379.1028 | AF53: 0.48194149 | AG53: 74.998428 | AH53: 95.504 | AI53: 17.6
A54: 2024 | B54: final | C54: R19-46252 | D54: Irrigated | E54: 2 | F54: 53 | G54: 45582 | H54: 290 | J54: sarec | K54: 37100 | L54: 0 | M54: 0 | N54: 0 | O54: 0 | P54: 0 | Q54: 746.6 | R54: 0 | S54: 1677.5 | T54: 9176.6958 | U54: 2 | V54: 0.914 | W54: 1.828 | X54: 0 | Y54: 0 | Z54: 0 | AA54: 0 | AB54: 0 | AC54: 4084.2451 | AD54: 4084.2451 | AF54: 0.44506706 | AG54: 69.948565
A55: 2024 | B55: final | C55: R19C-1012 | D55: Irrigated | E55: 2 | F55: 54 | G55: 45582 | H55: 290 | J55: sarec | K55: 37100 | L55: 0 | M55: 0 | N55: 69.89 | O55: 141.3 | P55: 106.3 | Q55: 730.9 | R55: 317.49 | S55: 1614.5 | T55: 9987.3632 | U55: 2 | V55: 0.914 | W55: 1.828 | X55: 0 | Y55: 0 | Z55: 3305.1604 | AA55: 6682.2029 | AB55: 5027.0217 | AC55: 4521.3774 | AD55: 4579.8687 | AF55: 0.45856635 | AG55: 78.436832 | AH55: 96.774 | AI55: 19
A56: 2024 | B56: final | C56: R18-14502 | D56: Irrigated | E56: 2 | F56: 55 | G56: 45579 | H56: 287 | J56: sarec | K56: 37100 | L56: 2.3 | M56: 0 | N56: 55.89 | O56: 115.3 | P56: 86 | Q56: 500.5 | R56: 259.49 | S56: 1083.5 | T56: 6876.3129 | U56: 2 | V56: 0.914 | W56: 1.828 | X56: 91.160987 | Y56: 0 | Z56: 2215.212 | AA56: 4569.9399 | AB56: 3408.6282 | AC56: 3176.3679 | AD56: 3208.4245 | AF56: 0.46659082 | AG56: 54.948879 | AH56: 90.932 | AI56: 18.6
A57: 2024 | B57: final | C57: PI603457A | D57: Irrigated | E57: 2 | F57: 56 | G57: 45562 | H57: 270 | J57: sarec | K57: 37100 | L57: 0 | M57: 0 | N57: 46.89 | O57: 137.3 | P57: 89.4 | Q57: 476.3 | R57: 273.59 | S57: 983.5 | T57: 6387.8009 | U57: 2 | V57: 0.914 | W57: 1.828 | X57: 0 | Y57: 0 | Z57: 1626.1685 | AA57: 4761.6323 | AB57: 3100.4365 | AC57: 3093.5532 | AD57: 3094.6389 | AF57: 0.48446077 | AG57: 53.000138 | AH57: 51.816 | AI57: 14.6
A58: 2024 | B58: final | C58: P42A84E | D58: Irrigated | E58: 2 | F58: 57 | G58: 45579 | H58: 287 | J58: sarec | K58: 37100 | L58: 0 | M58: 0 | N58: 26.89 | O58: 91.3 | P58: 36.1 | Q58: 778.1 | R58: 154.29 | S58: 1529.5 | T58: 9013.6214 | U58: 2 | V58: 0.914 | W58: 1.828 | X58: 0 | Y58: 0 | Z58: 2050.7342 | AA58: 6962.8872 | AB58: 2753.1241 | AC58: 4585.4847 | AD58: 4454.0481 | AF58: 0.49414635 | AG58: 76.281974 | AH58: 77.978 | AI58: 17
A59: 2024 | B59: final | C59: PI507408 | D59: Irrigated | E59: 2 | F59: 58 | G59: 45562 | H59: 270 | J59: sarec | K59: 37100 | L59: 0 | M59: 0 | N59: 0 | O59: 0 | P59: 0 | Q59: 470.3 | R59: 0 | S59: 1068.5 | T59: 5845.186 | U59: 2 | V59: 0.914 | W59: 1.828 | X59: 0 | Y59: 0 | Z59: 0 | AA59: 0 | AB59: 0 | AC59: 2572.7571 | AD59: 2572.7571 | AF59: 0.44014974 | AG59: 44.062162
A60: 2024 | B60: final | C60: R18C-13665 | D60: Irrigated | E60: 2 | F60: 59 | G60: 45582 | H60: 290 | J60: sarec | K60: 37100 | L60: 0 | M60: 0 | N60: 0 | O60: 0 | P60: 0 | Q60: 674.4 | R60: 0 | S60: 1478.5 | T60: 8088.0744 | U60: 2 | V60: 0.914 | W60: 1.828 | X60: 0 | Y60: 0 | Z60: 0 | AA60: 0 | AB60: 0 | AC60: 3689.2779 | AD60: 3689.2779 | AF60: 0.45613798 | AG60: 63.184185
A61: 2024 | B61: final | C61: P52A14SE | D61: Irrigated | E61: 2 | F61: 60 | G61: 45582 | H61: 290 | J61: sarec | K61: 37100 | L61: 0.3 | M61: 0.6 | N61: 52.89 | O61: 97.3 | P61: 71.6 | Q61: 521.1 | R61: 222.69 | S61: 1135.5 | T61: 7038.2385 | U61: 2 | V61: 0.914 | W61: 1.828 | X61: 13.974926 | Y61: 27.949852 | Z61: 2463.7794 | AA61: 4532.5343 | AB61: 3335.349 | AC61: 3229.9657 | AD61: 3242.3414 | AF61: 0.46067512 | AG61: 55.529754 | AH61: 66.294 | AI61: 13.8
A62: 2024 | B62: final | C62: P48A14E | D62: Irrigated | E62: 3 | F62: 61 | G62: 45582 | H62: 290 | J62: sarec | K62: 37100 | L62: 0 | M62: 0 | N62: 58.89 | O62: 196.3 | P62: 146.6 | Q62: 703.9 | R62: 401.79 | S62: 1481.5 | T62: 9500.4923 | U62: 2 | V62: 0.914 | W62: 1.828 | X62: 0 | Y62: 0 | Z62: 2192.4213 | AA62: 7308.071 | AB62: 5457.7851 | AC62: 4513.9363 | AD62: 4652.6258 | AF62: 0.48972471 | AG62: 79.682902 | AH62: 92.456 | AI62: 20.2
A63: 2024 | B63: final | C63: P42A84E | D63: Irrigated | E63: 3 | F63: 62 | G63: 45579 | H63: 287 | J63: sarec | K63: 37100 | L63: 0 | M63: 0 | N63: 35.89 | O63: 141.3 | P63: 99.3 | Q63: 665.7 | R63: 276.49 | S63: 1288.5 | T63: 8017.9978 | U63: 2 | V63: 0.914 | W63: 1.828 | X63: 0 | Y63: 0 | Z63: 1624.0529 | AA63: 6393.9449 | AB63: 4493.4092 | AC63: 4142.4766 | AD63: 4184.9015 | AF63: 0.52193847 | AG63: 71.672452 | AH63: 77.724 | AI63: 17
A64: 2024 | B64: final | C64: R19-45980 | D64: Irrigated | E64: 3 | F64: 63 | G64: 45579 | H64: 287 | J64: sarec | K64: 37100 | L64: 0 | M64: 0 | N64: 0 | O64: 0 | P64: 0 | Q64: 813.5 | R64: 0 | S64: 1763.5 | T64: 9647.1554 | U64: 2 | V64: 0.914 | W64: 1.828 | X64: 0 | Y64: 0 | Z64: 0 | AA64: 0 | AB64: 0 | AC64: 4450.2188 | AD64: 4450.2188 | AF64: 0.46129855 | AG64: 76.216391
A65: 2024 | B65: final | C65: PI471938 | D65: Irrigated | E65: 3 | F65: 64 | G65: 45566 | H65: 274 | J65: sarec | K65: 37100 | L65: 0 | M65: 4.6 | N65: 67.89 | O65: 191.3 | P65: 117.7 | Q65: 423.1 | R65: 381.49 | S65: 867.5 | T65: 6188.6761 | U65: 2 | V65: 0.914 | W65: 1.828 | X65: 0 | Y65: 107.91884 | Z65: 1592.7413 | AA65: 4488.016 | AB65: 2761.3146 | AC65: 3018.3618 | AD65: 2958.4245 | AF65: 0.47803835 | AG65: 50.66727 | AH65: 52.324 | AI65: 14.2
A66: 2024 | B66: final | C66: PI507408 | D66: Irrigated | E66: 3 | F66: 65 | G66: 45562 | H66: 270 | J66: sarec | K66: 37100 | L66: 0 | M66: 0 | N66: 0 | O66: 0 | P66: 0 | Q66: 738.8 | R66: 0 | S66: 1518.5 | T66: 8306.8928 | U66: 2 | V66: 0.914 | W66: 1.828 | X66: 0 | Y66: 0 | Z66: 0 | AA66: 0 | AB66: 0 | AC66: 4041.5755 | AD66: 4041.5755 | AF66: 0.48653276 | AG66: 69.217787
A67: 2024 | B67: final | C67: PI603457A | D67: Irrigated | E67: 3 | F67: 66 | G67: 45562 | H67: 270 | J67: sarec | K67: 37100 | L67: 0 | M67: 0.6 | N67: 55.89 | O67: 135.3 | P67: 83 | Q67: 405.2 | R67: 274.79 | S67: 941.5 | T67: 6199.6171 | U67: 2 | V67: 0.914 | W67: 1.828 | X67: 0 | Y67: 19.395017 | Z67: 1806.6458 | AA67: 4373.5763 | AB67: 2682.9773 | AC67: 2668.173 | AD67: 2670.6783 | AF67: 0.43078118 | AG67: 45.739204 | AH67: 60.452 | AI67: 17
A68: 2024 | B68: final | C68: PI548431 | D68: Irrigated | E68: 3 | F68: 67 | G68: 45562 | H68: 270 | J68: sarec | K68: 37100 | L68: 0 | M68: 0 | N68: 54.89 | O68: 108.3 | P68: 63.5 | Q68: 383 | R68: 226.69 | S68: 975.5 | T68: 6229.1575 | U68: 2 | V68: 0.914 | W68: 1.828 | X68: 0 | Y68: 0 | Z68: 2095.217 | AA68: 4133.9406 | AB68: 2423.871 | AC68: 2445.6867 | AD68: 2442.5602 | AF68: 0.39211726 | AG68: 41.832352 | AH68: 77.216 | AI68: 15.6
A69: 2024 | B69: final | C69: P52A14SE | D69: Irrigated | E69: 3 | F69: 68 | G69: 45582 | H69: 290 | J69: sarec | K69: 37100 | L69: 0 | M69: 1.6 | N69: 59.89 | O69: 134.3 | P69: 94.6 | Q69: 703 | R69: 290.39 | S69: 1377.5 | T69: 8606.6193 | U69: 2 | V69: 0.914 | W69: 1.828 | X69: 0 | Y69: 70.333474 | Z69: 2632.6698 | AA69: 5903.6159 | AB69: 4158.4666 | AC69: 4392.3436 | AD69: 4363.2385 | AF69: 0.50696312 | AG69: 74.726729 | AH69: 72.39 | AI69: 14.4
A70: 2024 | B70: final | C70: R19C-1012 | D70: Irrigated | E70: 3 | F70: 69 | G70: 45582 | H70: 290 | J70: sarec | K70: 37100 | L70: 0 | M70: 0 | N70: 81.89 | O70: 124.3 | P70: 82.4 | Q70: 483.8 | R70: 288.59 | S70: 1080.5 | T70: 7038.7856 | U70: 2 | V70: 0.914 | W70: 1.828 | X70: 0 | Y70: 0 | Z70: 2795.5097 | AA70: 4243.2758 | AB70: 2812.9198 | AC70: 3151.6561 | AD70: 3097.3742 | AF70: 0.44004383 | AG70: 53.046983 | AH70: 96.012 | AI70: 26.8
A71: 2024 | B71: final | C71: R18C-13665 | D71: Irrigated | E71: 3 | F71: 70 | G71: 45582 | H71: 290 | J71: sarec | K71: 37100 | L71: 0 | M71: 0 | N71: 0 | O71: 0 | P71: 0 | Q71: 658.5 | R71: 0 | S71: 1316.5 | T71: 7201.86 | U71: 2 | V71: 0.914 | W71: 1.828 | X71: 0 | Y71: 0 | Z71: 0 | AA71: 0 | AB71: 0 | AC71: 3602.2976 | AD71: 3602.2976 | AF71: 0.5001899 | AG71: 61.694522
A72: 2024 | B72: final | C72: R18-14502 | D72: Irrigated | E72: 3 | F72: 71 | G72: 45579 | H72: 287 | J72: sarec | K72: 37100 | L72: 3.3 | M72: 0 | N72: 55.89 | O72: 82.3 | P72: 59.2 | Q72: 687.5 | R72: 200.69 | S72: 1472.5 | T72: 8829.267 | U72: 2 | V72: 0.914 | W72: 1.828 | X72: 205.92679 | Y72: 0 | Z72: 3487.6509 | AA72: 5135.6892 | AB72: 3694.2017 | AC72: 4122.3233 | AD72: 4084.7921 | AF72: 0.46264227 | AG72: 69.957934 | AH72: 93.726 | AI72: 17.8
A73: 2024 | B73: final | C73: R19-46252 | D73: Irrigated | E73: 3 | F73: 72 | G73: 45582 | H73: 290 | J73: sarec | K73: 37100 | L73: 0 | M73: 0 | N73: 0 | O73: 0 | P73: 0 | Q73: 611.5 | R73: 0 | S73: 1443.5 | T73: 7896.6083 | U73: 2 | V73: 0.914 | W73: 1.828 | X73: 0 | Y73: 0 | Z73: 0 | AA73: 0 | AB73: 0 | AC73: 3345.186 | AD73: 3345.186 | AF73: 0.42362314 | AG73: 57.291116
A74: 2024 | B74: final | C74: P42A84E | D74: Rainfed | E74: 1 | F74: 1 | G74: 45581 | H74: 289 | J74: pinetree | K74: 37100 | Q74: 1008.8 | S74: 2182.3 | T74: 11307.254 | U74: 2 | V74: 0.965 | W74: 1.93 | AC74: 5226.943 | AD74: 5226.943 | AF74: 0.46226458 | AG74: 89.518909
A75: 2024 | B75: final | C75: P48A14E | D75: Rainfed | E75: 1 | F75: 2 | G75: 45581 | H75: 289 | J75: pinetree | K75: 37100 | Q75: 883.7 | S75: 1720.3 | T75: 8913.4715 | U75: 2 | V75: 0.965 | W75: 1.93 | AC75: 4578.7565 | AD75: 4578.7565 | AF75: 0.51368947 | AG75: 78.417783
A76: 2024 | B76: final | C76: P52A14SE | D76: Rainfed | E76: 1 | F76: 3 | G76: 45581 | H76: 289 | J76: pinetree | K76: 37100 | Q76: 741.7 | S76: 1387.3 | T76: 7188.0829 | U76: 2 | V76: 0.965 | W76: 1.93 | AC76: 3843.0052 | AD76: 3843.0052 | AF76: 0.53463562 | AG76: 65.816985
A77: 2024 | B77: final | C77: R19C-1012 | D77: Rainfed | E77: 1 | F77: 4 | G77: 45581 | H77: 289 | J77: pinetree | K77: 37100 | Q77: 537.1 | S77: 1153.3 | T77: 5975.6477 | U77: 2 | V77: 0.965 | W77: 1.93 | AC77: 2782.9016 | AD77: 2782.9016 | AF77: 0.4657071 | AG77: 47.661188
A78: 2024 | B78: final | C78: R18-14502 | D78: Rainfed | E78: 1 | F78: 5 | G78: 45581 | H78: 289 | J78: pinetree | K78: 37100 | Q78: 860.4 | S78: 1797.3 | T78: 9312.4352 | U78: 2 | V78: 0.965 | W78: 1.93 | AC78: 4458.0311 | AD78: 4458.0311 | AF78: 0.47871808 | AG78: 76.350188
A79: 2024 | B79: final | C79: R18C-13665 | D79: Rainfed | E79: 1 | F79: 6 | G79: 45581 | H79: 289 | J79: pinetree | K79: 37100 | Q79: 638.5 | S79: 1288.3 | T79: 6675.1295 | U79: 2 | V79: 0.965 | W79: 1.93 | AC79: 3308.2902 | AD79: 3308.2902 | AF79: 0.49561438 | AG79: 56.659222
A80: 2024 | B80: final | C80: R19-46252 | D80: Rainfed | E80: 1 | F80: 7 | G80: 45581 | H80: 289 | J80: pinetree | K80: 37100 | Q80: 644.1 | S80: 1395.3 | T80: 7229.5337 | U80: 2 | V80: 0.965 | W80: 1.93 | AC80: 3337.3057 | AD80: 3337.3057 | AF80: 0.46162116 | AG80: 57.156155
A81: 2024 | B81: final | C81: R19-45980 | D81: Rainfed | E81: 1 | F81: 8 | G81: 45581 | H81: 289 | J81: pinetree | K81: 37100 | Q81: 457.2 | S81: 1053.3 | T81: 5457.513 | U81: 2 | V81: 0.965 | W81: 1.93 | AC81: 2368.9119 | AD81: 2368.9119 | AF81: 0.43406437 | AG81: 40.57102
A82: 2024 | B82: final | C82: P48A14E | D82: Rainfed | E82: 2 | F82: 9 | G82: 45581 | H82: 289 | J82: pinetree | K82: 37100 | Q82: 701.3 | S82: 1511.3 | T82: 7830.5699 | U82: 2 | V82: 0.965 | W82: 1.93 | AC82: 3633.6788 | AD82: 3633.6788 | AF82: 0.46403758 | AG82: 62.23197
A83: 2024 | B83: final | C83: R19-45980 | D83: Rainfed | E83: 2 | F83: 10 | G83: 45581 | H83: 289 | J83: pinetree | K83: 37100 | Q83: 652.1 | S83: 1301.6 | T83: 6744.0415 | U83: 2 | V83: 0.965 | W83: 1.93 | AC83: 3378.7565 | AD83: 3378.7565 | AF83: 0.50099877 | AG83: 57.866059
A84: 2024 | B84: final | C84: R19-46252 | D84: Rainfed | E84: 2 | F84: 11 | G84: 45581 | H84: 289 | J84: pinetree | K84: 37100 | Q84: 646.8 | S84: 1372.3 | T84: 7110.3627 | U84: 2 | V84: 0.965 | W84: 1.93 | AC84: 3351.2953 | AD84: 3351.2953 | AF84: 0.47132551 | AG84: 57.395748
A85: 2024 | B85: final | C85: P52A14SE | D85: Rainfed | E85: 2 | F85: 12 | G85: 45581 | H85: 289 | J85: pinetree | K85: 37100 | Q85: 552.4 | S85: 986.3 | T85: 5110.3627 | U85: 2 | V85: 0.965 | W85: 1.93 | AC85: 2862.1762 | AD85: 2862.1762 | AF85: 0.560073 | AG85: 49.018879
... A97: 2024 | B97: final | C97: P52A14SE | D97: Rainfed | E97: 3 | F97: 24 | G97: 45581 | H97: 289 | J97: pinetree | K97: 37100 | Q97: 607.6 | S97: 1140.3 | T97: 5908.2902 | U97: 2 | V97: 0.965 | W97: 1.93 | AC97: 3148.1865 | AD97: 3148.1865 | AF97: 0.53284223 | AG97: 53.917218
A98: 2024 | B98: final | C98: P42A84E | D98: Rainfed | E98: 1 | F98: 1 | G98: 45574 | H98: 282 | J98: rohwer | K98: 40800 | S98: 0 | U98: 1 | V98: 0.965 | W98: =V98*U98 -> 0.965
A99: 2024 | B99: final | C99: P48A14E | D99: Rainfed | E99: 1 | F99: 2 | G99: 45574 | H99: 282 | J99: rohwer | K99: 40800 | S99: 1292.5 | T99: 6696.8912 | U99: 1 | V99: 0.965 | W99: =V99*U99 -> 0.965 | AC99: 3054.9223 | AD99: 3054.9223 | AF99: 0.45617021 | AG99: 52.319933
A100: 2024 | B100: final | C100: P52A14SE | D100: Rainfed | E100: 1 | F100: 3 | G100: 45574 | H100: 282 | J100: rohwer | K100: 40800 | S100: 1363.5 | T100: 7064.7668 | U100: 1 | V100: 0.965 | W100: =V100*U100 -> 0.965 | AC100: 3214.5078 | AD100: 3214.5078 | AF100: 0.4550055 | AG100: 55.053064
A101: 2024 | B101: final | C101: R19C-1012 | D101: Rainfed | E101: 1 | F101: 4 | G101: 45574 | H101: 282 | J101: rohwer | K101: 40800 | S101: 1628.5 | T101: 8437.8238 | U101: 1 | V101: 0.965 | W101: =V101*U101 -> 0.965 | AC101: 3826.4249 | AD101: 3826.4249 | AF101: 0.4534848 | AG101: 65.533024
A102: 2024 | B102: final | C102: R18-14502 | D102: Rainfed | E102: 1 | F102: 5 | G102: 45574 | H102: 282 | J102: rohwer | K102: 40800 | S102: 1268.5 | T102: 6572.5389 | U102: 1 | V102: 0.965 | W102: =V102*U102 -> 0.965 | AC102: 2821.7617 | AD102: 2821.7617 | AF102: 0.42932598 | AG102: 48.326723
A103: 2024 | B103: final | C103: R18C-13665 | D103: Rainfed | E103: 1 | F103: 6 | G103: 45574 | H103: 282 | J103: rohwer | K103: 40800 | S103: 1204.5 | T103: 6240.9326 | U103: 1 | V103: 0.965 | W103: =V103*U103 -> 0.965 | AC103: 2994.3005 | AD103: 2994.3005 | AF103: 0.47978414 | AG103: 51.281699
A104: 2024 | B104: final | C104: R19-46252 | D104: Rainfed | E104: 1 | F104: 7 | G104: 45574 | H104: 282 | J104: rohwer | K104: 40800 | S104: 1357.5 | T104: 7033.6788 | U104: 1 | V104: 0.965 | W104: =V104*U104 -> 0.965 | AC104: 3138.8601 | AD104: 3138.8601 | AF104: 0.44626151 | AG104: 53.757489
A105: 2024 | B105: final | C105: R19-45980 | D105: Rainfed | E105: 1 | F105: 8 | G105: 45574 | H105: 282 | J105: rohwer | K105: 40800 | S105: 1460.5 | T105: 7567.3575 | U105: 1 | V105: 0.965 | W105: =V105*U105 -> 0.965 | AC105: 3676.1658 | AD105: 3676.1658 | AF105: 0.48579254 | AG105: 62.959621
A106: 2024 | B106: final | C106: P48A14E | D106: Rainfed | E106: 2 | F106: 9 | G106: 45574 | H106: 282 | J106: rohwer | K106: 40800 | S106: 1424.5 | T106: 7380.829 | U106: 1 | V106: 0.965 | W106: =V106*U106 -> 0.965 | AC106: 3482.9016 | AD106: 3482.9016 | AF106: 0.47188487 | AG106: 59.649693
A107: 2024 | B107: final | C107: R19-45980 | D107: Rainfed | E107: 2 | F107: 10 | G107: 45574 | H107: 282 | J107: rohwer | K107: 40800 | S107: 1723.5 | T107: 8930.0518 | U107: 1 | V107: 0.965 | W107: =V107*U107 -> 0.965 | AC107: 1158.0311 | AD107: 1158.0311 | AF107: 0.12967798 | AG107: 19.832946
A108: 2024 | B108: final | C108: R19-46252 | D108: Rainfed | E108: 2 | F108: 11 | G108: 45574 | H108: 282 | J108: rohwer | K108: 40800 | S108: 1328 | T108: 6880.829 | U108: 1 | V108: 0.965 | W108: =V108*U108 -> 0.965 | AC108: 2423.3161 | AD108: 2423.3161 | AF108: 0.35218373 | AG108: 41.502769
A109: 2024 | B109: final | C109: P52A14SE | D109: Rainfed | E109: 2 | F109: 12 | G109: 45574 | H109: 282 | J109: rohwer | K109: 40800 | S109: 1236.5 | T109: 6406.7358 | U109: 1 | V109: 0.965 | W109: =V109*U109 -> 0.965 | AC109: 698.4456 | AD109: 698.4456 | AF109: 0.10901739 | AG109: 11.961884
A110: 2024 | B110: final | C110: R18C-13665 | D110: Rainfed | E110: 2 | F110: 13 | G110: 45574 | H110: 282 | J110: rohwer | K110: 40800 | S110: 1082.5 | T110: 5608.8083 | U110: 1 | V110: 0.965 | W110: =V110*U110 -> 0.965 | AC110: 1831.6062 | AD110: 1831.6062 | AF110: 0.32655889 | AG110: 31.368888
A111: 2024 | B111: final | C111: P42A84E | D111: Rainfed | E111: 2 | F111: 14 | G111: 45574 | H111: 282 | J111: rohwer | K111: 40800 | S111: 0 | U111: 1 | V111: 0.965 | W111: =V111*U111 -> 0.965
...

Sheet %reduction
F1: average | I1: reduction | O1: AVERAGE | R1: reduction
B2: 2025 | C2: irrigated | D2: biomass | E2: =+AVERAGE('all mm'!R470:R634) -> 6599.0537 | F2: 5030.8134 | H2: =+(F2-F3)/F2 -> 0.36605124 | I2: =+H2 -> 0.36605124 | K2: 2025 | L2: irrigated | M2: yield | N2: =+AVERAGE('all mm'!AB470:AB634) -> 3426.3769 | O2: 3587.0632 | Q2: =+(O2-O3)/O2 -> 0.57337244 | R2: =+Q2 -> 0.57337244
B3: 2025 | C3: ranfed | D3: biomass | E3: =+AVERAGE('all mm'!R635:R660) -> 3068.6399 | F3: 3189.2779 | K3: 2025 | L3: ranfed | M3: yield | N3: =+AVERAGE('all mm'!AB635:AB660) -> 1468.5017 | O3: 1530.34
B4: 2024 | C4: irrigated | D4: biomass | E4: =+AVERAGE('all mm'!R2:R136) -> 1922.8882 | F4: 5771.8935 | H4: =+(F4-F5)/F4 -> 0.24787651 | I4: =+H4 -> 0.24787651 | K4: 2024 | L4: irrigated | M4: yield | N4: =+AVERAGE('all mm'!AB2:AB136) -> #DIV/0! | O4: 3479.2214 | Q4: =+(O4-O5)/O4 -> 0.5634423 | R4: =+Q4 -> 0.5634423
B5: 2024 | C5: rainfed | D5: biomass | E5: =+AVERAGE('all mm'!R138:R468) -> 5218.1707 | F5: 4341.1767 | K5: 2024 | L5: rainfed | M5: yield | N5: =+AVERAGE('all mm'!AB138:AB468) -> 2593.862 | O5: 1518.8809

Sheet 2024-selected
C6: Rainfed | I6: Irrigated
C8: Plot number
A10: Range 12 | B10: REP1 | C10: 12 | D10: REP2 | E10: 24 | F10: REP3 | G10: 36 | H10: REP1 | I10: 48 | J10: REP2 | K10: 60 | L10: REP3 | M10: 72
A11: Range 11 | C11: 11 | E11: 23 | G11: 35 | I11: 47 | K11: 59 | M11: 71
A12: Range 10 | C12: 10 | E12: 22 | G12: 34 | I12: 46 | K12: 58 | M12: 70
A13: Range 9 | C13: 9 | E13: 21 | G13: 33 | I13: 45 | K13: 57 | M13: 69
A14: Range 8 | C14: 8 | E14: 20 | G14: 32 | I14: 44 | K14: 56 | M14: 68
A15: Range 7 | C15: 7 | E15: 19 | G15: 31 | I15: 43 | K15: 55 | M15: 67
A16: Range 6 | C16: 6 | E16: 18 | G16: 30 | I16: 42 | K16: 54 | M16: 66
A17: Range 5 | C17: 5 | E17: 17 | G17: 29 | I17: 41 | K17: 53 | M17: 65
A18: Range 4 | C18: 4 | E18: 16 | G18: 28 | I18: 40 | K18: 52 | M18: 64
A19: Range 3 | C19: 3 | E19: 15 | G19: 27 | I19: 39 | K19: 51 | M19: 63
A20: Range 2 | C20: 2 | E20: 14 | G20: 26 | I20: 38 | K20: 50 | M20: 62
A21: Range 1 | C21: 1 | E21: 13 | G21: 25 | I21: 37 | K21: 49 | M21: 61
P22: PLOT 40 | Q22: H2-H3-H4
C23: Col 1 | E23: Col 2 | G23: Col 3 | I23: Col 4 | K23: Col 5 | M23: Col 6
A34: Rainfed
A36: Range 12 | C36: REP1 | D36: 12 | E36: PI567488B | F36: REP2 | G36: 24 | H36: P52A14SE | I36: REP3 | J36: 36 | K36: R19-46252
A37: Range 11 | D37: 11 | E37: PI424397 | G37: 23 | H37: R18C-13665 | J37: 35 | K37: R18-14502
A38: Range 10 | D38: 10 | E38: PI377574 | G38: 22 | H38: PI567488B | J38: 34 | K38: R18C-13665
A39: Range 9 | D39: 9 | E39: PI398245 | G39: 21 | H39: P42A84E | J39: 33 | K39: R19C-1012
A40: Range 8 | D40: 8 | E40: R19-45980 | G40: 20 | H40: PI424397 | J40: 32 | K40: P52A14SE | M40: R19C-1012 | N40: 4-Early
A41: Range 7 | D41: 7 | E41: R19-46252 | G41: 19 | H41: R18-14502 | J41: 31 | K41: PI377574 | M41: PI377574
A42: Range 6 | D42: 6 | E42: R18C-13665 | G42: 18 | H42: R19C-1012 | J42: 30 | K42: PI424397 | M42: PI398245
A43: Range 5 | D43: 5 | E43: R18-14502 | G43: 17 | H43: R19-46252 | J43: 29 | K43: PI567488B
A44: Range 4 | D44: 4 | E44: R19C-1012 | G44: 16 | H44: P48A14E | J44: 28 | K44: PI398245
A45: Range 3 | D45: 3 | E45: P52A14SE | G45: 15 | H45: PI398245 | J45: 27 | K45: R19-45980 | M45: P42A84E | N45: SOLO EN DOS REP
A46: Range 2 | D46: 2 | E46: P48A14E | G46: 14 | H46: R19-45980 | J46: 26 | K46: P42A84E
A47: Range 1 | D47: 1 | E47: P42A84E | G47: 13 | H47: PI377574 | J47: 25 | K47: P48A14E
R48: 45428 | S48: plantin date rohwer
D49: Col 1 | G49: Col 2 | J49: Col 3 | R49: 45429 | S49: planting date pinetree
A51: Irrigated
A53: Range 12 | C53: REP1 | D53: 48 | E53: PI567488B | F53: REP2 | G53: 60 | H53: P52A14SE | I53: REP3 | J53: 72 | K53: R19-46252
A54: Range 11 | D54: 47 | E54: PI424397 | G54: 59 | H54: R18C-13665 | J54: 71 | K54: R18-14502
A55: Range 10 | D55: 46 | E55: PI377574 | G55: 58 | H55: PI567488B | J55: 70 | K55: R18C-13665
A56: Range 9 | D56: 45 | E56: PI398245 | G56: 57 | H56: P42A84E | J56: 69 | K56: R19C-1012 | M56: R19C-1012
A57: Range 8 | D57: 44 | E57: R19-45980 | G57: 56 | H57: PI424397 | J57: 68 | K57: P52A14SE | M57: PI398245
A58: Range 7 | D58: 43 | E58: R19-46252 | G58: 55 | H58: R18-14502 | J58: 67 | K58: PI377574
A59: Range 6 | D59: 42 | E59: R18C-13665 | G59: 54 | H59: R19C-1012 | J59: 66 | K59: PI424397 | M59: PI377574 | N59: SOLO EN DOS REP
A60: Range 5 | D60: 41 | E60: R18-14502 | G60: 53 | H60: R19-46252 | J60: 65 | K60: PI567488B | M60: P42A84E | N60: 1 REP
A61: Range 4 | D61: 40 | E61: R19C-1012 | G61: 52 | H61: P48A14E | J61: 64 | K61: PI398245
A62: Range 3 | D62: 39 | E62: P52A14SE | G62: 51 | H62: PI398245 | J62: 63 | K62: R19-45980
A63: Range 2 | D63: 38 | E63: P48A14E | G63: 50 | H63: R19-45980 | J63: 62 | K63: P42A84E
A64: Range 1 | D64: 37 | E64: P42A84E | G64: 49 | H64: PI377574 | J64: 61 | K64: P48A14E
D66: Col 4 | G66: Col 5 | J66: Col 6

Sheet interaction_plots
C2: Genotype | D2: behavior
C3: P42A84E | D3: sensible
C4: P48A14E | D4: sensible
C5: P52A14SE | D5: sensible
C6: R19C-1012 | D6: stable for 2024/sensible in 2025
C7: R18-14502 | D7: sensible/higher in rainfed in 2024/high and stable
C8: R18C-13665 | D8: stable
C9: R19-46252 | D9: stable in 2024/sensible in 2025
C10: R19-45980 | D10: sensible in 2024/ stable in 2025
C11: PI471938 | D11: sensible
C12: PI548431 | D12: sensible
C13: PI603457A | D13: sensible
C14: PI507408 | D14: stable

Sheet all mm
A1: Year | B1: Harvest | C1: Genotype | D1: Treatment | E1: Rep | F1: Range | G1: Column | H1: Plot | I1: Date | J1: DOY | K1: DAP | L1: Location | M1: Population | N1: SeedTB_g | O1: SeedTB | P1: BiomassPartition5 | Q1: Biomass_linear | R1: TotalBiomass_kg_ha | S1: linear | T1: RowSpace | U1: TotalSampleArea | V1: GreenBiomass | W1: YellowBiomass | X1: StemBiomass | Y1: ReprodBiomass | Z1: SeedBiomass | AA1: SeedTB_ha | AB1: yield_kg_ha | AC1: yield_combine | AD1: HI | AE1: yield_bu_ac | AF1: AvgHeight | AG1: AvgNode
A2: 2024 | B2: 1 | C2: R18C-13665 | D2: Irrigated | E2: 1 | H2: 6 | I2: 45483 | J2: 191 | K2: =+I2-'2024-selected'!$R$49 -> 54 | L2: pinetree | M2: 37100 | P2: 0.03936 | Q2: 0.08769 | R2: 1316.5803 | S2: 1 | T2: 0.965 | U2: =T2*S2 -> 0.965 | V2: 635.54436 | X2: 681.03595 | AF2: 38.1 | AG2: 12
A3: 2024 | B3: 1 | C3: P52A14SE | D3: Irrigated | E3: 1 | H3: 3 | I3: 45483 | J3: 191 | K3: =+I3-'2024-selected'!$R$49 -> 54 | L3: pinetree | M3: 37100 | P3: 0.03396 | Q3: 0.08919 | R3: 1276.1658 | S3: 1 | T3: 0.965 | U3: =T3*S3 -> 0.965 | V3: 653.86587 | X3: 622.29993 | AF3: 30.226 | AG3: 11.8
A4: 2024 | B4: 1 | C4: R18-14502 | D4: Irrigated | E4: 1 | H4: 5 | I4: 45483 | J4: 191 | K4: =+I4-'2024-selected'!$R$49 -> 54 | L4: pinetree | M4: 37100 | P4: 0.05106 | Q4: 0.11209 | R4: 1690.6736 | S4: 1 | T4: 0.965 | U4: =T4*S4 -> 0.965 | V4: 794.67618 | X4: 895.99739 | AF4: 42.164 | AG4: 12.6
A5: 2024 | B5: 1 | C5: R19-45980 | D5: Irrigated | E5: 1 | H5: 8 | I5: 45483 | J5: 191 | K5: =+I5-'2024-selected'!$R$49 -> 54 | L5: pinetree | M5: 37100 | P5: 0.05416 | Q5: 0.11149 | R5: 1716.5803 | S5: 1 | T5: 0.965 | U5: =T5*S5 -> 0.965 | V5: 805.0432 | X5: 911.53711 | AF5: 57.658 | AG5: 14.4
A6: 2024 | B6: 1 | C6: P42A84E | D6: Irrigated | E6: 1 | H6: 1 | I6: 45483 | J6: 191 | K6: =+I6-'2024-selected'!$R$49 -> 54 | L6: pinetree | M6: 37100 | P6: 0.06286 | Q6: 0.12899 | R6: 1988.0829 | S6: 1 | T6: 0.965 | U6: =T6*S6 -> 0.965 | V6: 948.81462 | X6: 1039.2683 | AF6: 0 | AG6: 12.8 | AH6: 142
A7: 2024 | B7: 1 | C7: R19-46252 | D7: Irrigated | E7: 1 | H7: 7 | I7: 45483 | J7: 191 | K7: =+I7-'2024-selected'!$R$49 -> 54 | L7: pinetree | M7: 37100 | P7: 0.03036 | Q7: 0.13959 | R7: 1761.1399 | S7: 1 | T7: 0.965 | U7: =T7*S7 -> 0.965 | V7: 875.92926 | X7: 885.21063 | AF7: 40.64 | AG7: 13.8
A8: 2024 | B8: 1 | C8: P48A14E | D8: Irrigated | E8: 1 | H8: 2 | I8: 45483 | J8: 191 | K8: =+I8-'2024-selected'!$R$49 -> 54 | L8: pinetree | M8: 37100 | P8: 0.03506 | Q8: 0.17349 | R8: 2161.1399 | S8: 1 | T8: 0.965 | U8: =T8*S8 -> 0.965 | V8: 1010.9154 | X8: 1150.2245 | AF8: 41.656 | AG8: 12
A9: 2024 | B9: 1 | C9: R19C-1012 | D9: Irrigated | E9: 1 | H9: 4 | I9: 45483 | J9: 191 | K9: =+I9-'2024-selected'!$R$49 -> 54 | L9: pinetree | M9: 37100 | P9: 0.04696 | Q9: 0.10169 | R9: 1540.4145 | S9: 1 | T9: 0.965 | U9: =T9*S9 -> 0.965 | V9: 715.09873 | X9: 825.31578 | AF9: 48.514 | AG9: 14.8
A10: 2024 | B10: 1 | C10: R18-14502 | D10: Irrigated | E10: 2 | H10: 15 | I10: 45483 | J10: 191 | K10: =+I10-'2024-selected'!$R$49 -> 54 | L10: pinetree | M10: 37100 | P10: 0.05566 | Q10: 0.06709 | R10: 1272.0207 | S10: 1 | T10: 0.965 | U10: =T10*S10 -> 0.965 | V10: 603.32999 | X10: 668.69074 | AF10: 44.704 | AG10: 14
A11: 2024 | B11: 1 | C11: P52A14SE | D11: Irrigated | E11: 2 | H11: 12 | I11: 45483 | J11: 191 | K11: =+I11-'2024-selected'!$R$49 -> 54 | L11: pinetree | M11: 37100 | P11: 0.04936 | Q11: 0.07459 | R11: 1284.456 | S11: 1 | T11: 0.965 | U11: =T11*S11 -> 0.965 | V11: 606.31734 | X11: 667.72974 | AF11: 38.862 | AG11: 14.4
A12: 2024 | B12: 1 | C12: R18C-13665 | D12: Irrigated | E12: 2 | H12: 13 | I12: 45483 | J12: 191 | K12: =+I12-'2024-selected'!$R$49 -> 54 | L12: pinetree | M12: 37100 | P12: 0.03676 | Q12: 0.11439 | R12: 1566.3212 | S12: 1 | T12: 0.965 | U12: =T12*S12 -> 0.965 | V12: 741.40342 | X12: 824.91783 | AF12: 40.132 | AG12: 13.6
A13: 2024 | B13: 1 | C13: P42A84E | D13: Irrigated | E13: 2 | H13: 14 | I13: 45483 | J13: 191 | K13: =+I13-'2024-selected'!$R$49 -> 54 | L13: pinetree | M13: 37100 | P13: 0.03926 | Q13: 0.11139 | R13: 1561.1399 | S13: 1 | T13: 0.965 | U13: =T13*S13 -> 0.965 | V13: 755.51854 | X13: 805.62135 | AF13: 39.624 | AG13: 13.6
A14: 2024 | B14: 1 | C14: R19-45980 | D14: Irrigated | E14: 2 | H14: 10 | I14: 45483 | J14: 191 | K14: =+I14-'2024-selected'!$R$49 -> 54 | L14: pinetree | M14: 37100 | P14: 0.05946 | Q14: 0.12549 | R14: 1916.5803 | S14: 1 | T14: 0.965 | U14: =T14*S14 -> 0.965 | V14: 889.63365 | X14: 1026.9467 | AF14: 53.594 | AG14: 13.2
A15: 2024 | B15: 1 | C15: R19C-1012 | D15: Irrigated | E15: 2 | H15: 16 | I15: 45483 | J15: 191 | K15: =+I15-'2024-selected'!$R$49 -> 54 | L15: pinetree | M15: 37100 | P15: 0.03556 | Q15: 0.07299 | R15: 1124.8705 | S15: 1 | T15: 0.965 | U15: =T15*S15 -> 0.965 | V15: 534.59817 | X15: 590.2723 | AF15: 37.592 | AG15: 10.8
A16: 2024 | B16: 1 | C16: R19-46252 | D16: Irrigated | E16: 2 | H16: 11 | I16: 45483 | J16: 191 | K16: =+I16-'2024-selected'!$R$49 -> 54 | L16: pinetree | M16: 37100 | P16: 0.04206 | Q16: 0.16549 | R16: 2150.7772 | S16: 1 | T16: 0.965 | U16: =T16*S16 -> 0.965 | V16: 1043.173 | X16: 1107.6042 | AF16: 40.894 | AG16: 11.6
A17: 2024 | B17: 1 | C17: P48A14E | D17: Irrigated | E17: 2 | H17: 9 | I17: 45483 | J17: 191 | K17: =+I17-'2024-selected'!$R$49 -> 54 | L17: pinetree | M17: 37100 | P17: 0.04356 | Q17: 0.23229 | R17: 2858.5492 | S17: 1 | T17: 0.965 | U17: =T17*S17 -> 0.965 | V17: 1338.7145 | X17: 1519.8347 | AF17: 41.91 | AG17: 12.2
A18: 2024 | B18: 1 | C18: P52A14SE | D18: Irrigated | E18: 3 | H18: 24 | I18: 45483 | J18: 191 | K18: =+I18-'2024-selected'!$R$49 -> 54 | L18: pinetree | M18: 37100 | P18: 0.03066 | Q18: 0.07909 | R18: 1137.3057 | S18: 1 | T18: 0.965 | U18: =T18*S18 -> 0.965 | V18: 478.51414 | X18: 658.79156 | AF18: 40.386 | AG18: 12.4
... A25: 2024 | B25: 1 | C25: R19C-1012 | D25: Irrigated | E25: 3 | H25: 19 | I25: 45483 | J25: 191 | K25: =+I25-'2024-selected'!$R$49 -> 54 | L25: pinetree | M25: 37100 | P25: 0.04716 | Q25: 0.20849 | R25: 2649.2228 | S25: 1 | T25: 0.965 | U25: =T25*S25 -> 0.965 | V25: 1230.237 | X25: 1418.9857 | AF25: 49.022 | AG25: 12.6
A26: 2024 | B26: 1 | C26: R19-46252 | D26: Irrigated | E26: 1 | H26: 7 | I26: 45483 | J26: 191 | K26: =+I26-'2024-selected'!$R$48 -> 55 | L26: rohwer | M26: 40800 | P26: 0.04702 | Q26: 0.11598 | R26: 1689.1192 | S26: 1 | T26: 0.965 | U26: =T26*S26 -> 0.965 | V26: 824.8017 | W26: 0 | X26: 1054.7116 | AF26: 37.592 | AG26: 12
A27: 2024 | B27: 1 | C27: P42A84E | D27: Irrigated | E27: 1 | H27: 1 | I27: 45483 | J27: 191 | K27: =+I27-'2024-selected'!$R$48 -> 55 | L27: rohwer | M27: 40800 | S27: 1 | T27: 0.965 | U27: =T27*S27 -> 0.965
A28: 2024 | B28: 1 | C28: R18C-13665 | D28: Irrigated | E28: 1 | H28: 6 | I28: 45483 | J28: 191 | K28: =+I28-'2024-selected'!$R$48 -> 55 | L28: rohwer | M28: 40800 | P28: 0.05492 | Q28: 0.15038 | R28: 2127.4611 | S28: 1 | T28: 0.965 | U28: =T28*S28 -> 0.965 | V28: 990.1294 | W28: 0 | X28: 1606.055 | AF28: 41.148 | AG28: 13.6
A29: 2024 | B29: 1 | C29: R18-14502 | D29: Irrigated | E29: 1 | H29: 5 | I29: 45483 | J29: 191 | K29: =+I29-'2024-selected'!$R$48 -> 55 | L29: rohwer | M29: 40800 | P29: 0.06872 | Q29: 0.18128 | R29: 2590.6736 | S29: 1 | T29: 0.965 | U29: =T29*S29 -> 0.965 | V29: 1027.6741 | W29: 0 | X29: 1747.7245 | AF29: 48.768 | AG29: 14.8
A30: 2024 | B30: 1 | C30: R19-45980 | D30: Irrigated | E30: 1 | H30: 8 | I30: 45483 | J30: 191 | K30: =+I30-'2024-selected'!$R$48 -> 55 | L30: rohwer | M30: 40800 | P30: 0.07992 | Q30: 0.15288 | R30: 2412.4352 | S30: 1 | T30: 0.965 | U30: =T30*S30 -> 0.965 | V30: 1088.4937 | W30: 0 | X30: 726.26616 | AF30: 50.8 | AG30: 12.6
A31: 2024 | B31: 1 | C31: P52A14SE | D31: Irrigated | E31: 1 | H31: 3 | I31: 45483 | J31: 191 | K31: =+I31-'2024-selected'!$R$48 -> 55 | L31: rohwer | M31: 40800 | P31: 0.05682 | Q31: 0.20358 | R31: 2698.4456 | S31: 1 | T31: 0.965 | U31: =T31*S31 -> 0.965 | V31: 1109.3926 | W31: 0 | X31: 1456.0778 | AF31: 42.672 | AG31: 12.2
A32: 2024 | B32: 1 | C32: P48A14E | D32: Irrigated | E32: 1 | H32: 2 | I32: 45483 | J32: 191 | K32: =+I32-'2024-selected'!$R$48 -> 55 | L32: rohwer | M32: 40800 | P32: 0.05552 | Q32: 0.18858 | R32: 2529.5337 | S32: 1 | T32: 0.965 | U32: =T32*S32 -> 0.965 | V32: 1132.6406 | W32: 0 | X32: 0 | AF32: 37.084 | AG32: 12.2
A33: 2024 | B33: 1 | C33: R19C-1012 | D33: Irrigated | E33: 1 | H33: 4 | I33: 45483 | J33: 191 | K33: =+I33-'2024-selected'!$R$48 -> 55 | L33: rohwer | M33: 40800 | P33: 0.07892 | Q33: 0.15628 | R33: 2437.3057 | S33: 1 | T33: 0.965 | U33: =T33*S33 -> 0.965 | V33: 1005.5585 | W33: 6.176649 | X33: 1024.0884 | AF33: 49.784 | AG33: 14.8
A34: 2024 | B34: 1 | C34: P42A84E | D34: Irrigated | E34: 2 | H34: 14 | I34: 45483 | J34: 191 | K34: =+I34-'2024-selected'!$R$48 -> 55 | L34: rohwer | M34: 40800 | S34: 1 | T34: 0.965 | U34: =T34*S34 -> 0.965
A35: 2024 | B35: 1 | C35: P48A14E | D35: Irrigated | E35: 2 | H35: 9 | I35: 45483 | J35: 191 | K35: =+I35-'2024-selected'!$R$48 -> 55 | L35: rohwer | M35: 40800 | P35: 0.04492 | Q35: 0.18698 | R35: 2403.1088 | S35: 1 | T35: 0.965 | U35: =T35*S35 -> 0.965 | V35: 1014.3131 | W35: 0 | X35: 2346.4014 | AF35: 44.196 | AG35: 10.6
A36: 2024 | B36: 1 | C36: R18C-13665 | D36: Irrigated | E36: 2 | H36: 13 | I36: 45483 | J36: 191 | K36: =+I36-'2024-selected'!$R$48 -> 55 | L36: rohwer | M36: 40800 | P36: 0.08352 | Q36: 0.14328 | R36: 2350.2591 | S36: 1 | T36: 0.965 | U36: =T36*S36 -> 0.965 | V36: 1099.1513 | W36: 0 | X36: 1251.1077
A37: 2024 | B37: 1 | C37: P52A14SE | D37: Irrigated | E37: 2 | H37: 12 | I37: 45483 | J37: 191 | K37: =+I37-'2024-selected'!$R$48 -> 55 | L37: rohwer | M37: 40800 | P37: 0.08672 | Q37: 0.17748 | R37: 2737.8238 | S37: 1 | T37: 0.965 | U37: =T37*S37 -> 0.965 | V37: 1160.5443 | W37: 0 | X37: 1577.2795 | AF37: 41.656 | AG37: 13
A38: 2024 | B38: 1 | C38: R19-46252 | D38: Irrigated | E38: 2 | H38: 11 | I38: 45483 | J38: 191 | K38: =+I38-'2024-selected'!$R$48 -> 55 | L38: rohwer | M38: 40800 | P38: 0.07712 | Q38: 0.17208 | R38: 2582.3834 | S38: 1 | T38: 0.965 | U38: =T38*S38 -> 0.965 | V38: 1177.3418 | W38: 0 | X38: 1405.0416 | AF38: 40.64 | AG38: 15.4
A39: 2024 | B39: 1 | C39: R19-45980 | D39: Irrigated | E39: 2 | H39: 10 | I39: 45483 | J39: 191 | K39: =+I39-'2024-selected'!$R$48 -> 55 | L39: rohwer | M39: 40800 | P39: 0.04952 | Q39: 0.20928 | R39: 2681.8653 | S39: 1 | T39: 0.965 | U39: =T39*S39 -> 0.965 | V39: 1221.7868 | W39: 0 | X39: 1460.0785 | AF39: 45.212 | AG39: 13.8
A40: 2024 | B40: 1 | C40: R18-14502 | D40: Irrigated | E40: 2 | H40: 15 | I40: 45483 | J40: 191 | K40: =+I40-'2024-selected'!$R$48 -> 55 | L40: rohwer | M40: 40800 | S40: 1 | T40: 0.965 | U40: =T40*S40 -> 0.965 | AF40: 40.132 | AG40: 11.8
A41: 2024 | B41: 1 | C41: R19C-1012 | D41: Irrigated | E41: 2 | H41: 16 | I41: 45483 | J41: 191 | K41: =+I41-'2024-selected'!$R$48 -> 55 | L41: rohwer | M41: 40800 | S41: 1 | T41: 0.965 | U41: =T41*S41 -> 0.965
A42: 2024 | B42: 1 | C42: P42A84E | D42: Irrigated | E42: 3 | H42: 23 | I42: 45483 | J42: 191 | K42: =+I42-'2024-selected'!$R$48 -> 55 | L42: rohwer | M42: 40800 | P42: 0.03722 | Q42: 0.17138 | R42: 2161.658 | S42: 1 | T42: 0.965 | U42: =T42*S42 -> 0.965 | V42: 1031.4628 | W42: 0 | X42: 1130.1952 | AF42: 37.084 | AG42: 14.4
A43: 2024 | B43: 1 | C43: P48A14E | D43: Irrigated | E43: 3 | H43: 18 | I43: 45483 | J43: 191 | K43: =+I43-'2024-selected'!$R$48 -> 55 | L43: rohwer | M43: 40800 | P43: 0.05712 | Q43: 0.15518 | R43: 2200 | S43: 1 | T43: 0.965 | U43: =T43*S43 -> 0.965 | V43: 880.46218 | W43: 0 | X43: 1319.5378 | AF43: 38.608 | AG43: 11.6
A44: 2024 | B44: 1 | C44: R19-46252 | D44: Irrigated | E44: 3 | H44: 22 | I44: 45483 | J44: 191 | K44: =+I44-'2024-selected'!$R$48 -> 55 | L44: rohwer | M44: 40800 | P44: 0.08232 | Q44: 0.10728 | R44: 1964.7668 | S44: 1 | T44: 0.965 | U44: =T44*S44 -> 0.965 | V44: 1008.6376 | W44: 0 | X44: 956.12925 | AF44: 35.56 | AG44: 13.4
A45: 2024 | B45: 1 | C45: P52A14SE | D45: Irrigated | E45: 3 | H45: 24 | I45: 45483 | J45: 191 | K45: =+I45-'2024-selected'!$R$48 -> 55 | L45: rohwer | M45: 40800 | P45: 0.04802 | Q45: 0.20698 | R45: 2642.487 | S45: 1 | T45: 0.965 | U45: =T45*S45 -> 0.965 | V45: 1037.8448 | W45: 0 | X45: 1604.6423 | AF45: 44.196 | AG45: 11.4
A46: 2024 | B46: 1 | C46: R19-45980 | D46: Irrigated | E46: 3 | H46: 17 | I46: 45483 | J46: 191 | K46: =+I46-'2024-selected'!$R$48 -> 55 | L46: rohwer | M46: 40800 | P46: 0.05242 | Q46: 0.20138 | R46: 2630.0518 | S46: 1 | T46: 0.965 | U46: =T46*S46 -> 0.965 | V46: 1121.8611 | W46: 0 | X46: 1508.1907 | AF46: 47.752 | AG46: 10.2
A47: 2024 | B47: 1 | C47: R18-14502 | D47: Irrigated | E47: 3 | H47: 21 | I47: 45483 | J47: 191 | K47: =+I47-'2024-selected'!$R$48 -> 55 | L47: rohwer | M47: 40800 | P47: 0.04162 | Q47: 0.23028 | R47: 2817.6166 | S47: 1 | T47: 0.965 | U47: =T47*S47 -> 0.965 | V47: 1222.6371 | W47: 0 | X47: 1594.9795 | AF47: 46.736 | AG47: 13.4
A48: 2024 | B48: 1 | C48: R19C-1012 | D48: Irrigated | E48: 3 | H48: 19 | I48: 45483 | J48: 191 | K48: =+I48-'2024-selected'!$R$48 -> 55 | L48: rohwer | M48: 40800 | P48: 0.05142 | Q48: 0.14008 | R48: 1984.456 | S48: 1 | T48: 0.965 | U48: =T48*S48 -> 0.965 | V48: 835.92602 | W48: 0 | X48: 1148.5299 | AF48: 44.704 | AG48: 12.4
A49: 2024 | B49: 1 | C49: R18C-13665 | D49: Irrigated | E49: 3 | H49: 20 | I49: 45483 | J49: 191 | K49: =+I49-'2024-selected'!$R$48 -> 55 | L49: rohwer | M49: 40800 | P49: 0.07382 | Q49: 0.18698 | R49: 2702.5907 | S49: 1 | T49: 0.965 | U49: =T49*S49 -> 0.965 | V49: 1294.549 | W49: 0 | X49: 1408.0417 | AF49: 40.64 | AG49: 14
A50: 2024 | B50: 1 | C50: P42A84E | D50: Rainfed | E50: 1 | F50: 1 | G50: 1 | H50: 1 | I50: 45489 | J50: 197 | K50: =+J50-$AH$6 -> 55 | L50: sarec | M50: 37100 | P50: 0.02826 | Q50: 0.03559 | R50: 698.57768 | S50: 1 | T50: 0.914 | U50: 0.914 | V50: 348.54725 | W50: 0 | X50: 350.03043 | Y50: 0 | AF50: 32.512 | AG50: 10.4
A51: 2024 | B51: 1 | C51: P48A14E | D51: Rainfed | E51: 1 | F51: 2 | G51: 1 | H51: 2 | I51: 45489 | J51: 197 | K51: =+J51-$AH$6 -> 55 | L51: sarec | M51: 37100 | P51: 0.01686 | Q51: 0.06019 | R51: 842.99781 | S51: 1 | T51: 0.914 | U51: 0.914 | V51: 404.99895 | W51: 0 | X51: 437.99886 | Y51: 0 | AF51: 32.004 | AG51: 9
A52: 2024 | B52: 1 | C52: P52A14SE | D52: Rainfed | E52: 1 | F52: 3 | G52: 1 | H52: 3 | I52: 45489 | J52: 197 | K52: =+J52-$AH$6 -> 55 | L52: sarec | M52: 37100 | P52: 0.02906 | Q52: 0.02289 | R52: 568.38074 | S52: 1 | T52: 0.914 | U52: 0.914 | V52: 260.13296 | W52: 0 | X52: 308.24778 | Y52: 0 | AF52: 34.798 | AG52: 10.6
A53: 2024 | B53: 1 | C53: R19C-1012 | D53: Rainfed | E53: 1 | F53: 4 | G53: 1 | H53: 4 | I53: 45489 | J53: 197 | K53: =+J53-$AH$6 -> 55 | L53: sarec | M53: 37100 | P53: 0.01496 | Q53: 0.04809 | R53: 689.82495 | S53: 1 | T53: 0.914 | U53: 0.914 | V53: 304.33453 | W53: 0 | X53: 385.49041 | Y53: 0 | AF53: 33.528 | AG53: 9.4
A54: 2024 | B54: 1 | C54: R18-14502 | D54: Rainfed | E54: 1 | F54: 5 | G54: 1 | H54: 5 | I54: 45489 | J54: 197 | K54: =+J54-$AH$6 -> 55 | L54: sarec | M54: 37100 | P54: 0.02536 | Q54: 0.04003 | R54: 715.4267 | S54: 1 | T54: 0.914 | U54: 0.914 | V54: 355.45648 | W54: 0 | X54: 359.97021 | Y54: 0 | AF54: 33.02 | AG54: 11.8
A55: 2024 | B55: 1 | C55: R18C-13665 | D55: Rainfed | E55: 1 | F55: 6 | G55: 1 | H55: 6 | I55: 45489 | J55: 197 | K55: =+J55-$AH$6 -> 55 | L55: sarec | M55: 37100 | P55: 0.02226 | Q55: 0.04709 | R55: 758.75274 | S55: 1 | T55: 0.914 | U55: 0.914 | V55: 388.57957 | W55: 0 | X55: 370.17317 | Y55: 0 | AF55: 29.464 | AG55: 11
A56: 2024 | B56: 1 | C56: R19-46252 | D56: Rainfed | E56: 1 | F56: 7 | G56: 1 | H56: 7 | I56: 45489 | J56: 197 | K56: =+J56-$AH$6 -> 55 | L56: sarec | M56: 37100 | P56: 0.02766 | Q56: 0.03209 | R56: 653.71991 | S56: 1 | T56: 0.914 | U56: 0.914 | V56: 326.15093 | W56: 0 | X56: 327.56898 | Y56: 0 | AF56: 27.178 | AG56: 10.6
A57: 2024 | B57: 1 | C57: R19-45980 | D57: Rainfed | E57: 1 | F57: 8 | G57: 1 | H57: 8 | I57: 45489 | J57: 197 | K57: =+J57-$AH$6 -> 55 | L57: sarec | M57: 37100 | P57: 0.02596 | Q57: 0.04309 | R57: 755.47046 | S57: 1 | T57: 0.914 | U57: 0.914 | V57: 352.12606 | W57: 0 | X57: 403.3444 | Y57: 0 | AF57: 44.196 | AG57: 11.2
A58: 2024 | B58: 1 | C58: PI471938 | D58: Rainfed | E58: 1 | F58: 9 | G58: 1 | H58: 9 | I58: 45489 | J58: 197 | K58: =+J58-$AH$6 -> 55 | L58: sarec | M58: 37100 | P58: 0.01636 | Q58: 0.02159 | R58: 415.20788 | S58: 1 | T58: 0.914 | U58: 0.914 | V58: 213.18742 | W58: 0 | X58: 202.02046 | Y58: 0 | AF58: 25.908 | AG58: 11
A59: 2024 | B59: 1 | C59: PI548431 | D59: Rainfed | E59: 1 | F59: 10 | G59: 1 | H59: 10 | I59: 45489 | J59: 197 | K59: =+J59-$AH$6 -> 55 | L59: sarec | M59: 37100 | P59: 0.02146 | Q59: 0.04219 | R59: 696.3895 | S59: 1 | T59: 0.914 | U59: 0.914 | V59: 337.48606 | W59: 0 | X59: 358.90344 | Y59: 0 | AF59: 40.64 | AG59: 9.4
A60: 2024 | B60: 1 | C60: PI603457A | D60: Rainfed | E60: 1 | F60: 11 | G60: 1 | H60: 11 | I60: 45489 | J60: 197 | K60: =+J60-$AH$6 -> 55 | L60: sarec | M60: 37100 | P60: 0.03056 | Q60: 0.04639 | R60: 841.90372 | S60: 1 | T60: 0.914 | U60: 0.914 | V60: 404.97332 | W60: 0 | X60: 425.91072 | Y60: 11.019682 | AF60: 42.164 | AG60: 12
A61: 2024 | B61: 1 | C61: PI507408 | D61: Rainfed | E61: 1 | F61: 12 | G61: 1 | H61: 12 | I61: 45489 | J61: 197 | K61: =+J61-$AH$6 -> 55 | L61: sarec | M61: 37100 | P61: 0.03766 | Q61: 0.04009 | R61: 850.65646 | S61: 1 | T61: 0.914 | U61: 0.914 | V61: 469.82619 | W61: 0 | X61: 380.83027 | Y61: 0 | AF61: 36.576 | AG61: 14.2
... A121: 2024 | B121: 1 | C121: R19-46252 | D121: Irrigated | E121: 6 | F121: 12 | G121: 6 | H121: 72 | I121: 45489 | J121: 197 | K121: =+J121-$AH$6 -> 55 | L121: sarec | M121: 37100 | P121: 0.04226 | Q121: 0.11199 | R121: 1687.6368 | S121: 1 | T121: 0.914 | U121: 0.914 | V121: 802.68573 | W121: 0 | X121: 884.95103 | Y121: 0 | AF121: 37.592 | AG121: 13
A122: 2024 | B122: 2 | C122: P42A84E | D122: Rainfed | E122: 1 | F122: 1 | G122: 1 | H122: 1 | I122: 45527 | J122: 235 | L122: sarec | M122: 37100 | Q122: 0 | S122: 1 | T122: 0.914 | U122: 0.914
A123: 2024 | B123: 2 | C123: P48A14E | D123: Rainfed | E123: 1 | F123: 2 | G123: 1 | H123: 2 | I123: 45527 | J123: 235 | K123: =+J123-$AH$6 -> 93 | L123: sarec | M123: 37100 | P123: 0.15266 | Q123: 0.2107 | R123: 3975.4923 | S123: 1 | T123: 0.914 | U123: 0.914 | V123: 1010.4094 | W123: 0 | X123: 2220.2966 | Y123: 744.78633 | Z123: 153.64473 | AF123: 58.42 | AG123: 17.4
A124: 2024 | B124: 2 | C124: P52A14SE | D124: Rainfed | E124: 1 | F124: 3 | G124: 1 | H124: 3 | I124: 45527 | J124: 235 | K124: =+J124-$AH$6 -> 93 | L124: sarec | M124: 37100 | P124: 0.18006 | Q124: 0.2855 | R124: 5093.6543 | S124: 1 | T124: 0.914 | U124: 0.914 | V124: 1318.2511 | W124: 0 | X124: 3116.2777 | Y124: 659.12554 | Z124: 45.26184 | AF124: 56.134 | AG124: 13.6
A125: 2024 | B125: 2 | C125: R19C-1012 | D125: Rainfed | E125: 1 | F125: 4 | G125: 1 | H125: 4 | I125: 45534 | J125: 242 | K125: =+J125-$AH$6 -> 100 | L125: sarec | M125: 37100 | P125: 0.12806 | Q125: 0.2175 | R125: 3780.744 | S125: 1 | T125: 0.914 | U125: 0.914 | V125: 608.1784 | W125: 0 | X125: 2189.4422 | Y125: 983.12334 | Z125: 540.27499 | AF125: 53.34 | AG125: 16.2
A126: 2024 | B126: 2 | C126: R18-14502 | D126: Rainfed | E126: 1 | F126: 5 | G126: 1 | H126: 5 | I126: 45527 | J126: 235 | K126: =+J126-$AH$6 -> 93 | L126: sarec | M126: 37100 | P126: 0.21236 | Q126: 0.2265 | R126: 4801.5317 | S126: 1 | T126: 0.914 | U126: 0.914 | V126: 1166.6935 | W126: 6.7831019 | X126: 2716.8584 | Y126: 911.19669 | Z126: 192.18789 | AF126: 67.564 | AG126: 18.2
A127: 2024 | B127: 2 | C127: R18C-13665 | D127: Rainfed | E127: 1 | F127: 6 | G127: 1 | H127: 6 | I127: 45534 | J127: 242 | L127: sarec | M127: 37100 | Q127: 0.4179 | R127: 4572.2101 | S127: 1 | T127: 0.914 | U127: 0.914
A128: 2024 | B128: 2 | C128: R19-46252 | D128: Rainfed | E128: 1 | F128: 7 | G128: 1 | H128: 7 | I128: 45534 | J128: 242 | L128: sarec | M128: 37100 | Q128: 0.3735 | R128: 4086.4333 | S128: 1 | T128: 0.914 | U128: 0.914
A129: 2024 | B129: 2 | C129: R19-45980 | D129: Rainfed | E129: 1 | F129: 8 | G129: 1 | H129: 8 | I129: 45534 | J129: 242 | L129: sarec | M129: 37100 | Q129: 0.4764 | R129: 5212.2538 | S129: 1 | T129: 0.914 | U129: 0.914
A130: 2024 | B130: 2 | C130: PI471938 | D130: Rainfed | E130: 1 | F130: 9 | G130: 1 | H130: 9 | I130: 45527 | J130: 235 | K130: =+J130-$AH$6 -> 93 | L130: sarec | M130: 37100 | P130: 0.24776 | Q130: 0.0662 | R130: 3435.0109 | S130: 1 | T130: 0.914 | U130: 0.914 | V130: 1075.8672 | W130: 0 | X130: 1625.724 | Y130: 733.41976 | Z130: 79.026325 | AF130: 35.56 | AG130: 12.2
A131: 2024 | B131: 2 | C131: PI548431 | D131: Rainfed | E131: 1 | F131: 10 | G131: 1 | H131: 10 | I131: 45534 | J131: 242 | K131: =+J131-$AH$6 -> 100 | L131: sarec | M131: 37100 | P131: 0.15036 | Q131: 0.1235 | R131: 2996.2801 | S131: 1 | T131: 0.914 | U131: 0.914 | V131: 330.79442 | W131: 65.760337 | X131: 1617.3057 | Y131: 982.41958 | Z131: 474.27152 | AF131: 55.372 | AG131: 11.8
A132: 2024 | B132: 2 | C132: PI603457A | D132: Rainfed | E132: 1 | F132: 11 | G132: 1 | H132: 11 | I132: 45527 | J132: 235 | K132: =+J132-$AH$6 -> 93 | L132: sarec | M132: 37100 | P132: 0.12236 | Q132: 0.0725 | R132: 2131.9475 | S132: 1 | T132: 0.914 | U132: 0.914 | V132: 341.50189 | W132: 5.2270697 | X132: 1222.4374 | Y132: 562.78117 | Z132: 207.34043 | AF132: 39.116 | AG132: 12.4
A133: 2024 | B133: 2 | C133: PI507408 | D133: Rainfed | E133: 1 | F133: 12 | G133: 1 | H133: 12 | I133: 45527 | J133: 235 | L133: sarec | M133: 37100 | Q133: 0.2945 | R133: 3222.1007 | S133: 1 | T133: 0.914 | U133: 0.914
A134: 2024 | B134: 2 | C134: PI548431 | D134: Rainfed | E134: 2 | F134: 1 | G134: 2 | H134: 13 | I134: 45534 | J134: 242 | K134: =+J134-$AH$6 -> 100 | L134: sarec | M134: 37100 | P134: 0.13536 | Q134: 0.1245 | R134: 2843.1072 | S134: 1 | T134: 0.914 | U134: 0.914 | V134: 537.70349 | W134: 69.313341 | X134: 1620.6719 | Y134: 615.41845 | Z134: 231.04447 | AF134: 52.324 | AG134: 16
A135: 2024 | B135: 2 | C135: R19-45980 | D135: Rainfed | E135: 2 | F135: 2 | G135: 2 | H135: 14 | I135: 45534 | J135: 242 | L135: sarec | M135: 37100 | Q135: 0.4311 | R135: 4716.6302 | S135: 1 | T135: 0.914 | U135: 0.914
A136: 2024 | B136: 2 | C136: PI471938 | D136: Rainfed | E136: 2 | F136: 3 | G136: 2 | H136: 15 | I136: 45527 | J136: 235 | K136: =+J136-$AH$6 -> 93 | L136: sarec | M136: 37100 | P136: 0.11896 | Q136: 0.1365 | R136: 2794.9672 | S136: 1 | T136: 0.914 | U136: 0.914 | V136: 716.59801 | W136: 0 | X136: 1627.2649 | Y136: 451.10432 | Z136: 61.087043 | AF136: 36.068 | AG136: 12.8
A137: 2024 | B137: 2 | C137: P48A14E | D137: Rainfed | E137: 2 | F137: 4 | G137: 2 | H137: 16 | I137: 45527 | J137: 235 | K137: =+J137-$AH$6 -> 93 | L137: sarec | M137: 37100 | P137: 0.10406 | Q137: 0.2575 | R137: 3955.7987 | S137: 1 | T137: 0.914 | U137: 0.914 | V137: 631.04227 | W137: 0 | X137: 2667.1039 | Y137: 657.65248 | Z137: 7.6029189 | AF137: 55.118 | AG137: 15.2
A138: 2024 | B138: 2 | C138: R19-46252 | D138: Rainfed | E138: 2 | F138: 5 | G138: 2 | H138: 17 | I138: 45534 | J138: 242 | L138: sarec | M138: 37100 | Q138: 0.3785 | R138: 4141.1379 | S138: 1 | T138: 0.914 | U138: 0.914
A139: 2024 | B139: 2 | C139: R19C-1012 | D139: Rainfed | E139: 2 | F139: 6 | G139: 2 | H139: 18 | I139: 45534 | J139: 242 | K139: =+J139-$AH$6 -> 100 | L139: sarec | M139: 37100 | P139: 0.13836 | Q139: 0.2365 | R139: 4101.3129 | S139: 1 | T139: 0.914 | U139: 0.914 | V139: 699.55901 | W139: 8.8926993 | X139: 2287.2023 | Y139: 1105.6589 | Z139: 539.49042 | AF139: 63.5 | AG139: 16.6
A140: 2024 | B140: 2 | C140: R18-14502 | D140: Rainfed | E140: 2 | F140: 7 | G140: 2 | H140: 19 | I140: 45527 | J140: 235 | K140: =+J140-$AH$6 -> 93 | L140: sarec | M140: 37100 | P140: 0.13386 | Q140: 0.187 | R140: 3510.5033 | S140: 1 | T140: 0.914 | U140: 0.914 | V140: 839.20592 | W140: 0 | X140: 2293.6547 | Y140: 377.64267 | Z140: 26.225185 | AF140: 64.008 | AG140: 19.4
A141: 2024 | B141: 2 | C141: PI603457A | D141: Rainfed | E141: 2 | F141: 8 | G141: 2 | H141: 20 | I141: 45527 | J141: 235 | K141: =+J141-$AH$6 -> 93 | L141: sarec | M141: 37100 | P141: 0.21106 | Q141: 0.0417 | R141: 2765.4267 | S141: 1 | T141: 0.914 | U141: 0.914 | V141: 750.77679 | W141: 0 | X141: 1223.2552 | Y141: 791.39473 | Z141: 148.05895 | AF141: 38.354 | AG141: 14.4
A142: 2024 | B142: 2 | C142: P42A84E | D142: Rainfed | E142: 2 | F142: 9 | G142: 2 | H142: 21 | I142: 45527 | J142: 235 | K142: =+J142-$AH$6 -> 93 | L142: sarec | M142: 37100 | P142: 0.17716 | Q142: 0.1603 | R142: 3692.1225 | S142: 1 | T142: 0.914 | U142: 0.914 | V142: 871.13751 | W142: 0 | X142: 1866.4851 | Y142: 954.49996 | Z142: 306.35697 | AF142: 54.61 | AG142: 17.8
A143: 2024 | B143: 2 | C143: PI507408 | D143: Rainfed | E143: 2 | F143: 10 | G143: 2 | H143: 22 | I143: 45527 | J143: 235 | K143: =+J143-$AH$6 -> 93 | L143: sarec | M143: 37100 | P143: 0.15946 | Q143: 0.1888 | R143: 3810.2845 | S143: 1 | T143: 0.914 | U143: 0.914 | V143: 998.80779 | W143: 0 | X143: 2013.3862 | Y143: 807.64841 | Z143: 195.93837 | AF143: 65.532 | AG143: 20.2
A144: 2024 | B144: 2 | C144: R18C-13665 | D144: Rainfed | E144: 2 | F144: 11 | G144: 2 | H144: 23 | I144: 45534 | J144: 242 | L144: sarec | M144: 37100 | Q144: 0.3439 | R144: 3762.5821 | S144: 1 | T144: 0.914 | U144: 0.914
A145: 2024 | B145: 2 | C145: P52A14SE | D145: Rainfed | E145: 2 | F145: 12 | G145: 2 | H145: 24 | I145: 45527 | J145: 235 | K145: =+J145-$AH$6 -> 93 | L145: sarec | M145: 37100 | P145: 0.21636 | Q145: 0.0996 | R145: 3456.8928 | S145: 1 | T145: 0.914 | U145: 0.914 | V145: 905.92448 | W145: 7.988752 | X145: 2004.5377 | Y145: 538.44189 | Z145: 31.955008 | AF145: 41.91 | AG145: 13.2
A146: 2024 | B146: 2 | C146: P42A84E | D146: Irrigated | E146: 1 | H146: 1 | I146: 45525 | J146: 233 | K146: =+I146-'2024-selected'!$R$49 -> 96 | L146: pinetree | M146: 37100 | Q146: 0.6323 | R146: 6552.3316 | S146: 1 | T146: 0.965 | U146: 0.965
A147: 2024 | B147: 2 | C147: P48A14E | D147: Irrigated | E147: 1 | H147: 2 | I147: 45525 | J147: 233 | K147: =+I147-'2024-selected'!$R$49 -> 96 | L147: pinetree | M147: 37100 | Q147: 0.7913 | R147: 8200 | S147: 1 | T147: 0.965 | U147: 0.965
A148: 2024 | B148: 2 | C148: P52A14SE | D148: Irrigated | E148: 1 | H148: 3 | I148: 45525 | J148: 233 | K148: =+I148-'2024-selected'!$R$49 -> 96 | L148: pinetree | M148: 37100 | Q148: 0.4633 | R148: 4801.0363 | S148: 1 | T148: 0.965 | U148: 0.965
A149: 2024 | B149: 2 | C149: R19C-1012 | D149: Irrigated | E149: 1 | H149: 4 | I149: 45525 | J149: 233 | K149: =+I149-'2024-selected'!$R$49 -> 96 | L149: pinetree | M149: 37100 | Q149: 0.6856 | R149: 7104.6632 | S149: 1 | T149: 0.965 | U149: 0.965
A150: 2024 | B150: 2 | C150: R18-14502 | D150: Irrigated | E150: 1 | H150: 5 | I150: 45525 | J150: 233 | K150: =+I150-'2024-selected'!$R$49 -> 96 | L150: pinetree | M150: 37100 | Q150: 0.8741 | R150: 9058.0311 | S150: 1 | T150: 0.965 | U150: 0.965
A151: 2024 | B151: 2 | C151: R18C-13665 | D151: Irrigated | E151: 1 | H151: 6 | I151: 45525 | J151: 233 | K151: =+I151-'2024-selected'!$R$49 -> 96 | L151: pinetree | M151: 37100 | Q151: 0.5983 | R151: 6200 | S151: 1 | T151: 0.965 | U151: 0.965
A152: 2024 | B152: 2 | C152: R19-46252 | D152: Irrigated | E152: 1 | H152: 7 | I152: 45525 | J152: 233 | K152: =+I152-'2024-selected'!$R$49 -> 96 | L152: pinetree | M152: 37100 | Q152: 0.5973 | R152: 6189.6373 | S152: 1 | T152: 0.965 | U152: 0.965
A153: 2024 | B153: 2 | C153: R19-45980 | D153: Irrigated | E153: 1 | H153: 8 | I153: 45525 | J153: 233 | K153: =+I153-'2024-selected'!$R$49 -> 96 | L153: pinetree | M153: 37100 | Q153: 0.4341 | R153: 4498.4456 | S153: 1 | T153: 0.965 | U153: 0.965
A154: 2024 | B154: 2 | C154: P42A84E | D154: Irrigated | E154: 2 | H154: 14 | I154: 45525 | J154: 233 | K154: =+I154-'2024-selected'!$R$49 -> 96 | L154: pinetree | M154: 37100 | Q154: 0.6539 | R154: 6776.1658 | S154: 1 | T154: 0.965 | U154: 0.965
A155: 2024 | B155: 2 | C155: P48A14E | D155: Irrigated | E155: 2 | H155: 9 | I155: 45525 | J155: 233 | K155: =+I155-'2024-selected'!$R$49 -> 96 | L155: pinetree | M155: 37100 | Q155: 0.6805 | R155: 7051.8135 | S155: 1 | T155: 0.965 | U155: 0.965
A156: 2024 | B156: 2 | C156: R19-45980 | D156: Irrigated | E156: 2 | H156: 10 | I156: 45525 | J156: 233 | K156: =+I156-'2024-selected'!$R$49 -> 96 | L156: pinetree | M156: 37100 | Q156: 0.592 | R156: 6134.715 | S156: 1 | T156: 0.965 | U156: 0.965
A157: 2024 | B157: 2 | C157: R19-46252 | D157: Irrigated | E157: 2 | H157: 11 | I157: 45525 | J157: 233 | K157: =+I157-'2024-selected'!$R$49 -> 96 | L157: pinetree | M157: 37100 | Q157: 0.5953 | R157: 6168.9119 | S157: 1 | T157: 0.965 | U157: 0.965
... A169: 2024 | B169: 2 | C169: P52A14SE | D169: Irrigated | E169: 3 | H169: 24 | I169: 45525 | J169: 233 | K169: =+I169-'2024-selected'!$R$49 -> 96 | L169: pinetree | M169: 37100 | Q169: 0.5295 | R169: 5487.0466 | S169: 1 | T169: 0.965 | U169: 0.965
A170: 2024 | B170: 2 | C170: P42A84E | D170: Irrigated | E170: 1 | H170: 1 | I170: 45526 | J170: 234 | K170: =+I170-'2024-selected'!$R$48 -> 98 | L170: rohwer | M170: 40800 | S170: 1 | T170: 0.965 | U170: =T170*S170 -> 0.965
A171: 2024 | B171: 2 | C171: P48A14E | D171: Irrigated | E171: 1 | H171: 2 | I171: 45526 | J171: 234 | K171: =+I171-'2024-selected'!$R$48 -> 98 | L171: rohwer | M171: 40800 | Q171: 0.89068 | R171: 9229.8446 | S171: 1 | T171: 0.965 | U171: =T171*S171 -> 0.965
A172: 2024 | B172: 2 | C172: P52A14SE | D172: Irrigated | E172: 1 | H172: 3 | I172: 45526 | J172: 234 | K172: =+I172-'2024-selected'!$R$48 -> 98 | L172: rohwer | M172: 40800 | Q172: 0.90368 | R172: 9364.5596 | S172: 1 | T172: 0.965 | U172: =T172*S172 -> 0.965
A173: 2024 | B173: 2 | C173: R19C-1012 | D173: Irrigated | E173: 1 | H173: 4 | I173: 45526 | J173: 234 | K173: =+I173-'2024-selected'!$R$48 -> 98 | L173: rohwer | M173: 40800 | Q173: 0.92868 | R173: 9623.6269 | S173: 1 | T173: 0.965 | U173: =T173*S173 -> 0.965
A174: 2024 | B174: 2 | C174: R18-14502 | D174: Irrigated | E174: 1 | H174: 5 | I174: 45526 | J174: 234 | K174: =+I174-'2024-selected'!$R$48 -> 98 | L174: rohwer | M174: 40800 | Q174: 0.78068 | R174: 8089.9482 | S174: 1 | T174: 0.965 | U174: =T174*S174 -> 0.965
A175: 2024 | B175: 2 | C175: R18C-13665 | D175: Irrigated | E175: 1 | H175: 6 | I175: 45526 | J175: 234 | K175: =+I175-'2024-selected'!$R$48 -> 98 | L175: rohwer | M175: 40800 | Q175: 0.65468 | R175: 6784.2487 | S175: 1 | T175: 0.965 | U175: =T175*S175 -> 0.965
A176: 2024 | B176: 2 | C176: R19-46252 | D176: Irrigated | E176: 1 | H176: 7 | I176: 45526 | J176: 234 | K176: =+I176-'2024-selected'!$R$48 -> 98 | L176: rohwer | M176: 40800 | Q176: 0.87368 | R176: 9053.6788 | S176: 1 | T176: 0.965 | U176: =T176*S176 -> 0.965
...

Sheet Sheet3
A1: Year | B1: Harvest | C1: Genotype | D1: Treatment | E1: Rep | F1: Range | G1: Column | H1: Plot | I1: yield

Sheet relative-yield
A1: Year | B1: Harvest | C1: Genotype | D1: Treatment | E1: Location | F1: yield_kg_ha | J1: Year | K1: Harvest | L1: Genotype | M1: Treatment | N1: Location | O1: yield_kg_ha
A2: 2024 | B2: 1 | C2: R18C-13665 | D2: Irrigated | E2: pinetree
A3: 2024 | B3: 1 | C3: P52A14SE | D3: Irrigated | E3: pinetree
A4: 2024 | B4: 1 | C4: R18-14502 | D4: Irrigated | E4: pinetree
A5: 2024 | B5: 1 | C5: R19-45980 | D5: Irrigated | E5: pinetree
A6: 2024 | B6: 1 | C6: P42A84E | D6: Irrigated | E6: pinetree | G6: 142
A7: 2024 | B7: 1 | C7: R19-46252 | D7: Irrigated | E7: pinetree
A8: 2024 | B8: 1 | C8: P48A14E | D8: Irrigated | E8: pinetree
A9: 2024 | B9: 1 | C9: R19C-1012 | D9: Irrigated | E9: pinetree
A10: 2024 | B10: 1 | C10: R18-14502 | D10: Irrigated | E10: pinetree
A11: 2024 | B11: 1 | C11: P52A14SE | D11: Irrigated | E11: pinetree
A12: 2024 | B12: 1 | C12: R18C-13665 | D12: Irrigated | E12: pinetree
A13: 2024 | B13: 1 | C13: P42A84E | D13: Irrigated | E13: pinetree
A14: 2024 | B14: 1 | C14: R19-45980 | D14: Irrigated | E14: pinetree
A15: 2024 | B15: 1 | C15: R19C-1012 | D15: Irrigated | E15: pinetree
A16: 2024 | B16: 1 | C16: R19-46252 | D16: Irrigated | E16: pinetree
A17: 2024 | B17: 1 | C17: P48A14E | D17: Irrigated | E17: pinetree
A18: 2024 | B18: 1 | C18: P52A14SE | D18: Irrigated | E18: pinetree
... A313: 2024 | B313: 3 | C313: R19-46252 | D313: Irrigated | E313: sarec
A314: 2025 | B314: final | C314: R19-42848 | D314: Irrigated | E314: sarec | F314: 3095.186 | J314: 2024 | K314: final | L314: R18-14502 | M314: Rainfed | N314: sarec
A315: 2025 | B315: final | C315: R19-42848 | D315: Rainfed | E315: sarec | J315: 2024 | K315: final | L315: R18-14502 | M315: Rainfed | N315: sarec | O315: 1712.2538
A316: 2024 | B316: final | C316: P42A84E | D316: Rainfed | E316: sarec | F316: 1516.9584 | J316: 2024 | K316: final | L316: R18-14502 | M316: Rainfed | N316: sarec | O316: 2071.116
A317: 2024 | B317: final | C317: P42A84E | D317: Rainfed | E317: sarec | F317: 1430.5252 | J317: 2024 | K317: final | L317: R18-14502 | M317: Irrigated | N317: sarec | O317: 2659.7374
A318: 2024 | B318: final | C318: P42A84E | D318: Rainfed | E318: sarec | F318: 1636.7615 | J318: 2024 | K318: final | L318: R18-14502 | M318: Irrigated | N318: sarec | O318: 3208.4245
A319: 2024 | B319: final | C319: P42A84E | D319: Irrigated | E319: sarec | F319: 3729.7593 | J319: 2024 | K319: final | L319: R18-14502 | M319: Irrigated | N319: sarec | O319: 4084.7921
A320: 2024 | B320: final | C320: P42A84E | D320: Irrigated | E320: sarec | F320: 4454.0481 | J320: 2025 | K320: final | L320: R18-14502 | M320: Irrigated | N320: sarec | O320: 4396.0613
A321: 2024 | B321: final | C321: P42A84E | D321: Irrigated | E321: sarec | F321: 4184.9015 | J321: 2025 | K321: final | L321: R18-14502 | M321: Irrigated | N321: sarec | O321: 3795.4048
A322: 2025 | B322: final | C322: P42A84E | D322: Irrigated | E322: sarec | F322: 3667.3961 | J322: 2025 | K322: final | L322: R18-14502 | M322: Irrigated | N322: sarec | O322: 2227.5711
A323: 2025 | B323: final | C323: P42A84E | D323: Irrigated | E323: sarec | F323: 4230.8534 | J323: 2025 | K323: final | L323: R18-14502 | M323: Irrigated | N323: sarec | O323: 3780.0875
A324: 2025 | B324: final | C324: P42A84E | D324: Irrigated | E324: sarec | F324: 4126.9147 | J324: 2025 | K324: final | L324: R18-14502 | M324: Rainfed | N324: sarec | O324: 1944.2013
A325: 2025 | B325: final | C325: P42A84E | D325: Irrigated | E325: sarec | F325: 2943.1072 | J325: 2025 | K325: final | L325: R18-14502 | M325: Rainfed | N325: sarec | O325: 2253.8293
A326: 2025 | B326: final | C326: P42A84E | D326: Rainfed | E326: sarec | J326: 2025 | K326: final | L326: R18-14502 | M326: Rainfed | N326: sarec
A327: 2025 | B327: final | C327: P42A84E | D327: Rainfed | E327: sarec | F327: 1447.4836 | J327: 2025 | K327: final | L327: R18-14502 | M327: Rainfed | N327: sarec | O327: 2461.7068
A328: 2025 | B328: final | C328: P42A84E | D328: Rainfed | E328: sarec | F328: 1075.4923 | J328: 2024 | K328: final | L328: R18C-13665 | M328: Rainfed | N328: sarec | O328: 2586.9803
A329: 2025 | B329: final | C329: P42A84E | D329: Rainfed | E329: sarec | F329: 1323.8512 | J329: 2024 | K329: final | L329: R18C-13665 | M329: Rainfed | N329: sarec | O329: 1802.5164
A330: 2024 | B330: final | C330: P48A14E | D330: Rainfed | E330: sarec | F330: 1449.6718 | J330: 2024 | K330: final | L330: R18C-13665 | M330: Rainfed | N330: sarec | O330: 1916.849
A331: 2024 | B331: final | C331: P48A14E | D331: Rainfed | E331: sarec | F331: 1636.2144 | J331: 2024 | K331: final | L331: R18C-13665 | M331: Irrigated | N331: sarec | O331: 4312.3632
A332: 2024 | B332: final | C332: P48A14E | D332: Rainfed | E332: sarec | F332: 1796.4989 | J332: 2024 | K332: final | L332: R18C-13665 | M332: Irrigated | N332: sarec | O332: 3689.2779
A333: 2024 | B333: final | C333: P48A14E | D333: Irrigated | E333: sarec | F333: 5551.9694 | J333: 2024 | K333: final | L333: R18C-13665 | M333: Irrigated | N333: sarec | O333: 3602.2976
A334: 2024 | B334: final | C334: P48A14E | D334: Irrigated | E334: sarec | F334: 4379.1028 | J334: 2025 | K334: final | L334: R18C-13665 | M334: Irrigated | N334: sarec | O334: 2908.0963
A335: 2024 | B335: final | C335: P48A14E | D335: Irrigated | E335: sarec | F335: 4652.6258 | J335: 2025 | K335: final | L335: R18C-13665 | M335: Irrigated | N335: sarec | O335: 3773.523
A336: 2025 | B336: final | C336: P48A14E | D336: Irrigated | E336: sarec | F336: 4701.3129 | J336: 2025 | K336: final | L336: R18C-13665 | M336: Irrigated | N336: sarec | O336: 3145.5142
A337: 2025 | B337: final | C337: P48A14E | D337: Irrigated | E337: sarec | F337: 4048.14 | J337: 2025 | K337: final | L337: R18C-13665 | M337: Irrigated | N337: sarec | O337: 3071.116
A338: 2025 | B338: final | C338: P48A14E | D338: Irrigated | E338: sarec | F338: 5472.6477 | J338: 2025 | K338: final | L338: R18C-13665 | M338: Rainfed | N338: sarec | O338: 1404.814
A339: 2025 | B339: final | C339: P48A14E | D339: Irrigated | E339: sarec | F339: 4805.2516 | J339: 2025 | K339: final | L339: R18C-13665 | M339: Rainfed | N339: sarec | O339: 1886.2144
A340: 2025 | B340: final | C340: P48A14E | D340: Rainfed | E340: sarec | J340: 2025 | K340: final | L340: R18C-13665 | M340: Rainfed | N340: sarec | O340: 1024.07
A341: 2025 | B341: final | C341: P48A14E | D341: Rainfed | E341: sarec | F341: 1195.8425 | J341: 2025 | K341: final | L341: R18C-13665 | M341: Rainfed | N341: sarec | O341: 1282.2757
A342: 2025 | B342: final | C342: P48A14E | D342: Rainfed | E342: sarec | J342: 2024 | K342: final | L342: R19-45980 | M342: Rainfed | N342: sarec | O342: 1237.965
A343: 2025 | B343: final | C343: P48A14E | D343: Rainfed | E343: sarec | F343: 1957.3304 | J343: 2024 | K343: final | L343: R19-45980 | M343: Rainfed | N343: sarec | O343: 1647.1554
A344: 2024 | B344: final | C344: P52A14SE | D344: Rainfed | E344: sarec | F344: 1321.116 | J344: 2024 | K344: final | L344: R19-45980 | M344: Rainfed | N344: sarec | O344: 1442.5602
A345: 2024 | B345: final | C345: P52A14SE | D345: Rainfed | E345: sarec | F345: 1613.7856 | J345: 2024 | K345: final | L345: R19-45980 | M345: Irrigated | N345: sarec | O345: 4120.3501
A346: 2024 | B346: final | C346: P52A14SE | D346: Rainfed | E346: sarec | F346: 1548.14 | J346: 2024 | K346: final | L346: R19-45980 | M346: Irrigated | N346: sarec | O346: 5253.2823
A347: 2024 | B347: final | C347: P52A14SE | D347: Irrigated | E347: sarec | F347: 3612.1444 | J347: 2024 | K347: final | L347: R19-45980 | M347: Irrigated | N347: sarec | O347: 4450.2188
A348: 2024 | B348: final | C348: P52A14SE | D348: Irrigated | E348: sarec | F348: 3242.3414 | J348: 2025 | K348: final | L348: R19-45980 | M348: Irrigated | N348: sarec | O348: 3653.1729
A349: 2024 | B349: final | C349: P52A14SE | D349: Irrigated | E349: sarec | F349: 4363.2385 | J349: 2025 | K349: final | L349: R19-45980 | M349: Irrigated | N349: sarec | O349: 4133.4792
A350: 2025 | B350: final | C350: P52A14SE | D350: Irrigated | E350: sarec | F350: 2508.7527 | J350: 2025 | K350: final | L350: R19-45980 | M350: Irrigated | N350: sarec | O350: 2398.2495
A351: 2025 | B351: final | C351: P52A14SE | D351: Irrigated | E351: sarec | F351: 2947.4836 | J351: 2025 | K351: final | L351: R19-45980 | M351: Irrigated | N351: sarec | O351: 3340.2626
A352: 2025 | B352: final | C352: P52A14SE | D352: Irrigated | E352: sarec | F352: 3653.1729 | J352: 2025 | K352: final | L352: R19-45980 | M352: Rainfed | N352: sarec | O352: 1469.3654
A353: 2025 | B353: final | C353: P52A14SE | D353: Irrigated | E353: sarec | F353: 3567.8337 | J353: 2025 | K353: final | L353: R19-45980 | M353: Rainfed | N353: sarec | O353: 1578.7746
A354: 2025 | B354: final | C354: P52A14SE | D354: Rainfed | E354: sarec | F354: 1561.2691 | J354: 2025 | K354: final | L354: R19-45980 | M354: Rainfed | N354: sarec
A355: 2025 | B355: final | C355: P52A14SE | D355: Rainfed | E355: sarec | F355: 1100.6565 | J355: 2025 | K355: final | L355: R19-45980 | M355: Rainfed | N355: sarec | O355: 1614.8796
A356: 2025 | B356: final | C356: P52A14SE | D356: Rainfed | E356: sarec | F356: 1315.0985 | J356: 2024 | K356: final | L356: R19-46252 | M356: Rainfed | N356: sarec | O356: 1771.8818
A357: 2025 | B357: final | C357: P52A14SE | D357: Rainfed | E357: sarec | F357: 1589.7155 | J357: 2024 | K357: final | L357: R19-46252 | M357: Rainfed | N357: sarec | O357: 1438.1838
A358: 2024 | B358: final | C358: PI471938 | D358: Rainfed | E358: sarec | F358: 952.95405 | J358: 2024 | K358: final | L358: R19-46252 | M358: Rainfed | N358: sarec | O358: 1861.0503
A359: 2024 | B359: final | C359: PI471938 | D359: Rainfed | E359: sarec | F359: 1360.5033 | J359: 2024 | K359: final | L359: R19-46252 | M359: Irrigated | N359: sarec | O359: 2979.2123
A360: 2024 | B360: final | C360: PI471938 | D360: Rainfed | E360: sarec | F360: 1736.8709 | J360: 2024 | K360: final | L360: R19-46252 | M360: Irrigated | N360: sarec | O360: 4084.2451
A361: 2024 | B361: final | C361: PI471938 | D361: Irrigated | E361: sarec | F361: 3164.1138 | J361: 2024 | K361: final | L361: R19-46252 | M361: Irrigated | N361: sarec | O361: 3345.186
A362: 2024 | B362: final | C362: PI471938 | D362: Irrigated | E362: sarec | F362: 3196.9365 | J362: 2025 | K362: final | L362: R19-46252 | M362: Irrigated | N362: sarec | O362: 3669.5842
A363: 2024 | B363: final | C363: PI471938 | D363: Irrigated | E363: sarec | F363: 2958.4245 | J363: 2025 | K363: final | L363: R19-46252 | M363: Irrigated | N363: sarec | O363: 3456.2363
A364: 2024 | B364: final | C364: PI507408 | D364: Rainfed | E364: sarec | F364: 1498.9059 | J364: 2025 | K364: final | L364: R19-46252 | M364: Irrigated | N364: sarec | O364: 3731.9475
A365: 2024 | B365: final | C365: PI507408 | D365: Rainfed | E365: sarec | F365: 1812.3632 | J365: 2025 | K365: final | L365: R19-46252 | M365: Irrigated | N365: sarec | O365: 3572.2101
A366: 2024 | B366: final | C366: PI507408 | D366: Rainfed | E366: sarec | F366: 1681.0722 | J366: 2025 | K366: final | L366: R19-46252 | M366: Rainfed | N366: sarec | O366: 1645.5142
... A372: 2024 | B372: final | C372: PI548431 | D372: Rainfed | E372: sarec | F372: 691.46608 | J372: 2024 | K372: final | L372: R19C-1012 | M372: Rainfed | N372: sarec | O372: 2449.1247
A373: 2024 | B373: final | C373: PI548431 | D373: Irrigated | E373: sarec | J373: 2024 | K373: final | L373: R19C-1012 | M373: Irrigated | N373: sarec | O373: 3928.337
A374: 2024 | B374: final | C374: PI548431 | D374: Irrigated | E374: sarec | J374: 2024 | K374: final | L374: R19C-1012 | M374: Irrigated | N374: sarec | O374: 4579.8687
A375: 2024 | B375: final | C375: PI548431 | D375: Irrigated | E375: sarec | F375: 2442.5602 | J375: 2024 | K375: final | L375: R19C-1012 | M375: Irrigated | N375: sarec | O375: 3097.3742
A376: 2024 | B376: final | C376: PI603457A | D376: Rainfed | E376: sarec | F376: 910.83151 | J376: 2025 | K376: final | L376: R19C-1012 | M376: Irrigated | N376: sarec | O376: 3146.6083
A377: 2024 | B377: final | C377: PI603457A | D377: Rainfed | E377: sarec | F377: 894.96718 | J377: 2025 | K377: final | L377: R19C-1012 | M377: Irrigated | N377: sarec | O377: 3010.9409
A378: 2024 | B378: final | C378: PI603457A | D378: Rainfed | E378: sarec | F378: 1155.9081 | J378: 2025 | K378: final | L378: R19C-1012 | M378: Irrigated | N378: sarec | O378: 3595.186
A379: 2024 | B379: final | C379: PI603457A | D379: Irrigated | E379: sarec | F379: 2830.9628 | J379: 2025 | K379: final | L379: R19C-1012 | M379: Irrigated | N379: sarec | O379: 3799.7812
A380: 2024 | B380: final | C380: PI603457A | D380: Irrigated | E380: sarec | F380: 3094.6389 | J380: 2025 | K380: final | L380: R19C-1012 | M380: Rainfed | N380: sarec | O380: 1178.337
A381: 2024 | B381: final | C381: PI603457A | D381: Irrigated | E381: sarec | F381: 2670.6783 | J381: 2025 | K381: final | L381: R19C-1012 | M381: Rainfed | N381: sarec | O381: 1096.2801
A382: 2024 | B382: final | C382: R18-14502 | D382: Rainfed | E382: sarec | J382: 2025 | K382: final | L382: R19C-1012 | M382: Rainfed | N382: sarec
A383: 2024 | B383: final | C383: R18-14502 | D383: Rainfed | E383: sarec | F383: 1712.2538 | J383: 2025 | K383: final | L383: R19C-1012 | M383: Rainfed | N383: sarec | O383: 1766.9584
A384: 2024 | B384: final | C384: R18-14502 | D384: Rainfed | E384: sarec | F384: 2071.116
A385: 2024 | B385: final | C385: R18-14502 | D385: Irrigated | E385: sarec | F385: 2659.7374
A386: 2025 | B386: 1 | C386: P42A84E | D386: Irrigated | E386: sarec | F386: 3667.3961
A387: 2025 | B387: 1 | C387: R19C-1012 | D387: Irrigated | E387: sarec | F387: 3095.186
A388: 2025 | B388: 1 | C388: P52A14SE | D388: Irrigated | E388: sarec | F388: 4701.3129
A389: 2025 | B389: 1 | C389: R19-46252 | D389: Irrigated | E389: sarec | F389: 3653.1729
A390: 2025 | B390: 1 | C390: R19C-1012 | D390: Irrigated | E390: sarec | F390: 3146.6083
A391: 2025 | B391: 1 | C391: P42A84E | D391: Irrigated | E391: sarec | F391: 4396.0613
A392: 2025 | B392: 1 | C392: P52A14SE | D392: Irrigated | E392: sarec | F392: 2508.7527
A393: 2025 | B393: 1 | C393: R19-46252 | D393: Irrigated | E393: sarec | F393: 2908.0963
A394: 2025 | B394: 1 | C394: P42A84E | D394: Irrigated | E394: sarec | F394: 3669.5842
A395: 2025 | B395: 1 | C395: R19C-1012 | D395: Irrigated | E395: sarec | F395: 2947.4836
A396: 2025 | B396: 1 | C396: R19-46252 | D396: Irrigated | E396: sarec | F396: 3010.9409
A397: 2025 | B397: 1 | C397: P52A14SE | D397: Irrigated | E397: sarec | F397: 3456.2363
... A418: 2025 | B418: 2 | C418: P42A84E | D418: Irrigated | E418: sarec | F418: 3071.116
A419: 2025 | B419: 2 | C419: R19C-1012 | D419: Irrigated | E419: sarec
...

Sheet relative_yield
A1: Year | B1: Harvest | C1: Genotype | D1: Yield_Irrig | E1: Yield_rainfed | F1: Relative_yield | I1: Year | J1: Harvest | K1: Genotype | L1: Yield_Irrig | M1: Yield_rainfed | N1: Relative_yield
A2: 2025 | B2: final | C2: R19-42848 | D2: 3095.186 | F2: =+D2-E2 -> 3095.186 | I2: 2025 | J2: final | K2: R18-14502 | L2: 3549.7812 | M2: 2219.9125 | N2: 1329.8687
A3: 2024 | B3: final | C3: P42A84E | D3: =+AVERAGE('relative-yield'!$F$319:$F$321) -> 4122.903 | E3: =+AVERAGE('relative-yield'!$F$316:$F$318) -> 1528.0817 | F3: =+D3-E3 -> 2594.8213 | I3: 2024 | J3: final | K3: R18-14502 | L3: 3317.6513 | M3: 1891.6849 | N3: 1425.9664
A4: 2025 | B4: final | C4: P42A84E | D4: =+AVERAGE('relative-yield'!$F$322:$F$325) -> 3742.0678 | E4: =+AVERAGE('relative-yield'!$F$327:$F$329) -> 1282.2757 | F4: =+D4-E4 -> 2459.7921 | I4: 2024 | J4: final | K4: PI507408 | L4: 3297.4106 | M4: 1664.1138 | N4: 1633.2969
A5: 2024 | B5: final | C5: P48A14E | D5: =+AVERAGE('relative-yield'!$F$333:$F$335) -> 4861.2327 | E5: =+AVERAGE('relative-yield'!$F$330:$F$332) -> 1627.4617 | F5: =+D5-E5 -> 3233.771 | I5: 2024 | J5: final | K5: PI548431 | L5: 2442.5602 | M5: 711.34209 | N5: 1731.2181
A6: 2025 | B6: final | C6: P48A14E | D6: =+AVERAGE('relative-yield'!$F$336:$F$339) -> 4756.8381 | E6: =+AVERAGE('relative-yield'!$F$340:$F$343) -> 1576.5864 | F6: =+D6-E6 -> 3180.2516 | I6: 2024 | J6: final | K6: PI471938 | L6: 3106.4916 | M6: 1350.1094 | N6: 1756.3822
A7: 2024 | B7: final | C7: P52A14SE | D7: =+AVERAGE('relative-yield'!$F$347:$F$349) -> 3739.2414 | E7: =+AVERAGE('relative-yield'!$F$344:$F$346) -> 1494.3472 | F7: =+D7-E7 -> 2244.8942 | I7: 2024 | J7: final | K7: R18C-13665 | L7: 3867.9796 | M7: 2102.1152 | N7: 1765.8643
A8: 2025 | B8: final | C8: P52A14SE | D8: =+AVERAGE('relative-yield'!$F$350:$F$353) -> 3169.3107 | E8: =+AVERAGE('relative-yield'!$F$354:$F$357) -> 1391.6849 | F8: =+D8-E8 -> 1777.6258 | I8: 2025 | J8: final | K8: P52A14SE | L8: 3169.3107 | M8: 1391.6849 | N8: 1777.6258
A9: 2024 | B9: final | C9: PI471938 | D9: =+AVERAGE('relative-yield'!$F$361:$F$363) -> 3106.4916 | E9: =+AVERAGE('relative-yield'!$F$358:$F$360) -> 1350.1094 | F9: =+D9-E9 -> 1756.3822 | I9: 2024 | J9: final | K9: R19-46252 | L9: 3469.5478 | M9: 1690.372 | N9: 1779.1758
A10: 2024 | B10: final | C10: PI507408 | D10: =+AVERAGE('relative-yield'!$F$367:$F$369) -> 3297.4106 | E10: =+AVERAGE('relative-yield'!$F$364:$F$366) -> 1664.1138 | F10: =+D10-E10 -> 1633.2969 | I10: 2025 | J10: final | K10: R18C-13665 | L10: 3224.5624 | M10: 1399.3435 | N10: 1825.2188
A11: 2024 | B11: final | C11: PI548431 | D11: =+'relative-yield'!$F$375 -> 2442.5602 | E11: =+AVERAGE('relative-yield'!$F$370:$F$372) -> 711.34209 | F11: =+D11-E11 -> 1731.2181 | I11: 2025 | J11: final | K11: R19-45980 | L11: 3381.291 | M11: 1554.3399 | N11: 1826.9511
A12: 2024 | B12: final | C12: PI603457A | D12: =+AVERAGE('relative-yield'!$F$379:$F$381) -> 2865.4267 | E12: =+AVERAGE('relative-yield'!$F$376:$F$378) -> 987.23559 | F12: =+D12-E12 -> 1878.1911 | I12: 2024 | J12: final | K12: PI603457A | L12: 2865.4267 | M12: 987.23559 | N12: 1878.1911
A13: 2024 | B13: final | C13: R18-14502 | D13: =+AVERAGE('relative-yield'!$O$317:$O$319) -> 3317.6513 | E13: =+AVERAGE('relative-yield'!$O$314:$O$316) -> 1891.6849 | F13: =+D13-E13 -> 1425.9664 | I13: 2024 | J13: final | K13: R19C-1012 | L13: 3868.5266 | M13: 1861.415 | N13: 2007.1116
A14: 2025 | B14: final | C14: R18-14502 | D14: =+AVERAGE('relative-yield'!$O$320:$O$323) -> 3549.7812 | E14: =+AVERAGE('relative-yield'!$O$324:$O$327) -> 2219.9125 | F14: =+D14-E14 -> 1329.8687 | I14: 2025 | J14: final | K14: R19C-1012 | L14: 3388.1291 | M14: 1347.1918 | N14: 2040.9373
A15: 2024 | B15: final | C15: R18C-13665 | D15: =+AVERAGE('relative-yield'!$O$331:$O$333) -> 3867.9796 | E15: =+AVERAGE('relative-yield'!$O$328:$O$330) -> 2102.1152 | F15: =+D15-E15 -> 1765.8643 | I15: 2025 | J15: final | K15: R19-46252 | L15: 3607.4945 | M15: 1565.0985 | N15: 2042.3961
A16: 2025 | B16: final | C16: R18C-13665 | D16: =+AVERAGE('relative-yield'!$O$334:$O$337) -> 3224.5624 | E16: =+AVERAGE('relative-yield'!$O$338:$O$341) -> 1399.3435 | F16: =+D16-E16 -> 1825.2188 | I16: 2024 | J16: final | K16: P52A14SE | L16: 3739.2414 | M16: 1494.3472 | N16: 2244.8942
A17: 2024 | B17: final | C17: R19-45980 | D17: =+AVERAGE('relative-yield'!$O$345:$O$347) -> 4607.9504 | E17: =+AVERAGE('relative-yield'!$O$342:$O$344) -> 1442.5602 | F17: =+D17-E17 -> 3165.3902 | I17: 2025 | J17: final | K17: P42A84E | L17: 3742.0678 | M17: 1282.2757 | N17: 2459.7921
A18: 2025 | B18: final | C18: R19-45980 | D18: =+AVERAGE('relative-yield'!$O$348:$O$351) -> 3381.291 | E18: =+AVERAGE('relative-yield'!$O$352:$O$355) -> 1554.3399 | F18: =+D18-E18 -> 1826.9511 | I18: 2024 | J18: final | K18: P42A84E | L18: 4122.903 | M18: 1528.0817 | N18: 2594.8213
A19: 2024 | B19: final | C19: R19-46252 | D19: =+AVERAGE('relative-yield'!$O$359:$O$361) -> 3469.5478 | E19: =+AVERAGE('relative-yield'!$O$356:$O$358) -> 1690.372 | F19: =+D19-E19 -> 1779.1758 | I19: 2025 | J19: final | K19: R19-42848 | L19: 3095.186 | N19: 3095.186
A20: 2025 | B20: final | C20: R19-46252 | D20: =+AVERAGE('relative-yield'!$O$362:$O$365) -> 3607.4945 | E20: =+AVERAGE('relative-yield'!$O$366:$O$369) -> 1565.0985 | F20: =+D20-E20 -> 2042.3961 | I20: 2024 | J20: final | K20: R19-45980 | L20: 4607.9504 | M20: 1442.5602 | N20: 3165.3902
A21: 2024 | B21: final | C21: R19C-1012 | D21: =+AVERAGE('relative-yield'!$O$373:$O$375) -> 3868.5266 | E21: =+AVERAGE('relative-yield'!$O$370:$O$372) -> 1861.415 | F21: =+D21-E21 -> 2007.1116 | I21: 2025 | J21: final | K21: P48A14E | L21: 4756.8381 | M21: 1576.5864 | N21: 3180.2516
A22: 2025 | B22: final | C22: R19C-1012 | D22: =+AVERAGE('relative-yield'!$O$376:$O$379) -> 3388.1291 | E22: =+AVERAGE('relative-yield'!$O$380:$O$383) -> 1347.1918 | F22: =+D22-E22 -> 2040.9373 | I22: 2024 | J22: final | K22: P48A14E | L22: 4861.2327 | M22: 1627.4617 | N22: 3233.771
